0,1,2,3,4,5,6,7,8,9,10,11,12,13,14,15,16,17,18,19,20,21,22,23,24,25,26,27,28,29,30,31,32,33,34,35,36,37,38,39,40,41,42,43,44,45,46,47,48,49,50,51,52,53,54,55,56,57,58,59,60,61,62,63,64,65,66,67,68,69,70,71,72,73,74,75,76,77,78,79,80,81,82,83,84,85,86,87,88,89,90,91,92,93,94,95,96,97,98,99,100,101,102,103,104,105,106,107,108,109,110,111,112,113,114,115,116,117,118,119,120,121,122,123,124,125,126,127,128,129,130,131,132,133,134,135,136,137,138,139,140,141,142,143,144,145,146,147,148,149,150,151,152,153,154,155,156,157,158,159,160,161,162,163,164,165,166,167,168,169,170,171,172,173,174,175,176,177,178,179,180,181,182,183,184,185,186,187,188,189,190,191,192,193,194,195,196,197,198,199
0.0015,0.0015,0.0015,0.0015,0.0015,0.0015,0.0015,0.0015,0.0015,0.0015,0.0015,0.0015,0.0015,0.0015,0.0015,0.0015,0.0015,0.0015,0.0015,0.0015,0.0,0.0,0.0,0.0,0.0,0.0,0.0,0.0,0.0,0.0,0.0,0.0,0.0,0.0,0.0,0.0,0.0,0.0,0.0,0.0,0.0,0.0,0.0,0.0,0.0,0.0,0.0,0.0,0.0,0.0,0.0,0.0,0.0,0.0,0.0,0.0,0.0,0.0,0.0,0.0,0.0,0.0,0.0,0.0,0.0,0.0,0.0,0.0,0.0,0.0,0.0,0.0,0.0,0.0,0.0,0.0,0.0,0.0,0.0,0.0,0.0,0.0,0.0,0.0,0.0,0.0,0.0,0.0,0.0,0.0,0.0,0.0,0.0,0.0,0.0,0.0,0.0,0.0,0.0,0.0,0.0,0.0,0.0,0.0,0.0,0.0,0.0,0.0,0.0,0.0,0.0,0.0,0.0,0.0,0.0,0.0,0.0,0.0,0.0,0.0,0.0,0.0,0.0,0.0,0.0,0.0,0.0,0.0,0.0,0.0,0.0,0.0,0.0,0.0,0.0,0.0,0.0,0.0,0.0,0.0,0.0,0.0,0.0,0.0,0.0,0.0,0.0,0.0,0.0,0.0,0.0,0.0,0.0,0.0,0.0,0.0,0.0,0.0,0.0,0.0,0.0,0.0,0.0,0.0,0.0,0.0,0.0,0.0,0.0,0.0,0.0,0.0,0.0,0.0,0.0,0.0,0.0,0.0,0.0,0.0,0.0,0.0,0.0,0.0,0.0,0.0,0.0,0.0,0.0,0.0,0.0,0.0,0.0,0.0,0.0,0.0,0.0,0.0,0.0,0.0
1.9316902899161035,1.9316902899161035,1.928904595325775,1.9232516676867375,1.9145683700404172,1.9026098738026207,1.8870495846797868,1.8674791614388746,1.8434087180581669,1.814267310325183,1.7794038114638209,1.73808827743223,1.6895138911470997,1.6327995565222428,1.5669931887547448,1.4910757180309242,1.4039657913503836,1.3045251232923694,1.1915644131965704,1.063849715312035,0.9201091217635273,0.792372930563405,0.6793671235521476,0.5798533915245887,0.4926355270081899,0.4165653482385818,0.3505480015410884,0.29354651255231545,0.244585484820993,0.20275387573566234,0.16720681274477822,0.1371664457646487,0.11192186291822574,0.09082812491615763,0.07330449735471166,0.0588319791573895,0.046950238865916843,0.03725407837023453,0.02938954614961553,0.023049819641823184,0.01797096963996822,0.013927709458984243,0.0107292189150614,0.00821511883533381,0.006251656732194935,0.004728149219009703,0.003553712372577604,0.002654298082283182,0.0019700428379447374,0.0014529256248435002,0.0010647237101163447,0.0007752491012168395,0.0005608442254633213,0.0004031127442082466,0.0002878601572239002,0.00020421873216320465,0.0001439320665903529,0.00010077602319246021,7.009466091324027e-05,4.843193256805764e-05,3.324218119345829e-05,2.266472324783405e-05,1.5349967681698598e-05,1.0326524259451949e-05,6.900564402581062e-06,4.58029463131629e-06,3.0197828283017824e-06,1.9775484669274786e-06,1.2863045485508758e-06,8.310407037883656e-07,5.332853206944493e-07,3.399016371677407e-07,2.1517957180145292e-07,1.3530107138734144e-07,8.44991784236682e-08,5.241478375033232e-08,3.2292712913600265e-08,1.9760793786819024e-08,1.2010287075108288e-08,7.250231582342018e-09,4.347108708067457e-09,2.588810061222817e-09,1.5312713364335818e-09,8.99617465989084e-10,5.249514076253387e-10,3.0425506703956634e-10,1.751524640101783e-10,1.0015136117683445e-10,5.6880356801710565e-11,3.2087472370269304e-11,1.797957974024073e-11,1.000685681572092e-11,5.532143439899961e-12,3.0378787215132734e-12,1.6570381765789369e-12,8.978084210190343e-13,4.832012705273606e-13,2.5832711918289195e-13,1.3718730623070502e-13,7.237097862659897e-14,3.792506036558681e-14,1.97425975714462e-14,1.0209476276512509e-14,5.244799552277657e-15,2.6766143257878377e-15,1.3569989007286558e-15,6.834636372696854e-16,3.419787143066678e-16,1.6999498118758894e-16,8.395222214114642e-17,4.119012964589574e-17,2.007820413220664e-17,9.723738487967575e-18,4.67869142822875e-18,2.2366826262564278e-18,1.0623786166120813e-18,5.013667209293673e-19,2.350927328262146e-19,1.0953092928496175e-19,5.070544638638015e-20,2.3323792713158086e-20,1.0660484992146039e-20,4.841662682708578e-21,2.18503532245245e-21,9.798856411767416e-22,4.366686299811087e-22,1.933726131696975e-22,8.509637286097115e-23,3.721405634390072e-23,1.617296504804227e-23,6.984989919155619e-24,2.9980734278621563e-24,1.2788687119251657e-24,5.421553711836756e-25,2.284244463187398e-25,9.565096057327746e-26,3.9808055967599506e-26,1.6466239747179375e-26,6.769657485231584e-27,2.766271027566655e-27,1.1235321763221156e-27,4.535717994914392e-28,1.8200499816144368e-28,7.259460119131766e-29,2.878167565405535e-29,1.1342938352112297e-29,4.443649737623139e-30,1.73047695682409e-30,6.699009249252405e-31,2.5779891667961824e-31,9.862439372383612e-32,3.750829659580574e-32,1.4181333019022653e-32,5.330408147178033e-33,1.991886250351974e-33,7.400076726666417e-34,2.733269648305525e-34,1.0037145946209562e-34,3.664598751211334e-35,1.3302643802884408e-35,4.801221458451938e-36,1.7229578123467223e-36,6.1477125015695424e-37,2.181098667410646e-37,7.694258499626602e-38,2.698949479052837e-38,9.413823817304513e-39,3.265032398221712e-39,1.1260711014801259e-39,3.861960017225817e-40,1.3171041200116567e-40,4.466933961711136e-41,1.5065471835836967e-41,5.05296626628124e-42,1.6854162111228175e-42,5.590770594747378e-43,1.8443635209703416e-43,6.051155426894323e-44,1.9744838648424038e-44,6.407651863589363e-45,2.0681440388532383e-45,6.639046454420561e-46,2.1197280825860933e-46,6.731480114619851e-47,2.1261963633209167e-47,6.679823121143693e-48,2.0873809483386442e-48,6.488136480376505e-49,2.0059775581933373e-49,6.169163669045321e-50,1.8872390559846727e-50,5.742938810507829e-51,1.7384186385637237e-51,5.2347275971657204e-52,1.5680670178346826e-52,4.673390794862974e-53,1.3880525540191438e-53,4.186293312431582e-54,1.548130302314176e-54,1.548130302314176e-54
3.4345111977140257,3.4345111977140257,3.427693918018464,3.41399766806334,3.3932992836213316,3.3654145588098325,3.330098889597829,3.2870481233466537,3.235899607007212,3.1762334246198036,3.1075738127223795,3.029390740178647,2.9411016368082197,2.8420732530663773,2.7316236309190067,2.609024164035177,2.473501723527259,2.3242408237622803,2.160385801304951,1.9810429788877124,1.7852827854869884,1.605475136494839,1.440678044645856,1.2899728514803062,1.1524660515097214,1.0272910160939028,0.9136095926545069,0.8106135572086798,0.7175259009288031,0.6336019344653135,0.5581301970429035,0.49043316078302696,0.42986772423941394,0.37582549267801235,0.3277328461088618,0.28505079940855055,0.24727466198762066,0.21393350729500835,0.18458946495850953,0.15883685049461094,0.13630114925305614,0.1166378725738053,0.09953130502144046,0.08469316203116009,0.07186117736869414,0.06079763950072772,0.05128789532777227,0.04313883878927347,0.03617740065709554,0.03024905443717501,0.02521635174996332,0.020957498907581994,0.017364984696700763,0.014344267655066493,0.011812529436161458,0.00969749922544924,0.007936352632370842,0.006474687058219918,0.005265574249003808,0.004268689596518229,0.0034495167569793,0.0027786253167114473,0.0022310185463930193,0.001785547743425439,0.001424389257400192,0.0011325800154196582,0.0008976071996054842,0.0007090476649259284,0.0005582527074642287,0.0004380738874330138,0.00034262576404231097,0.0002670815979280974,0.0002074983094167264,0.00016066723677585638,0.00012398750839257605,9.53591184465644e-05,7.309307034156452e-05,5.583622041555226e-05,4.250871194571508e-05,3.225213295769029e-05,2.4386758563711336e-05,1.837644805625248e-05,1.3799958051233428e-05,1.032760547670826e-05,7.70236848096206e-06,5.724650094918996e-06,4.240049703085901e-06,3.12959221441433e-06,2.3019555512403807e-06,1.6873150153344495e-06,1.232489574287909e-06,8.971314356687148e-07,6.50747676989515e-07,4.703823331830233e-07,3.3882027438568687e-07,2.432014009156004e-07,1.7395600397578257e-07,1.239903549789248e-07,8.806636337463841e-08,6.233106311219257e-08,4.3961249969048e-08,3.089622024753793e-08,2.1637613898707245e-08,1.510014177916964e-08,1.050072655166632e-08,7.276515091028352e-09,5.024495315014261e-09,3.4572088531469643e-09,2.3704033227126614e-09,1.6195028005537634e-09,1.1025629984575653e-09,7.479746321386575e-10,5.056285870823321e-10,3.4059422267188265e-10,2.2861436039031493e-10,1.5290793863493578e-10,1.0190996075499455e-10,6.7680434865707e-11,4.4788800864174857e-11,2.9534896427902e-11,1.9407123741343784e-11,1.270710548231535e-11,8.290713569055412e-12,5.390103795200341e-12,3.491905290640889e-12,2.2541774861820296e-12,1.4500211615281779e-12,9.29440197709929e-13,5.936490544269865e-13,3.7783284271859523e-13,2.396247349719585e-13,1.5143492799088467e-13,9.53637736372277e-14,5.984175106022037e-14,3.7418744775861865e-14,2.3315181062628262e-14,1.4476169480991993e-14,8.956420605818349e-15,5.5218163085174165e-15,3.392319999057462e-15,2.07672893477624e-15,1.2668691172391118e-15,7.701111994134809e-16,4.664936454862794e-16,2.8158499291016125e-16,1.6937357832734886e-16,1.0152082446165702e-16,6.063716414516105e-17,3.609091429829065e-17,2.140588314596329e-17,1.2651607579205393e-17,7.451378561575423e-18,4.373276895078141e-18,2.5577486166390788e-18,1.490700513771673e-18,8.6577641420834395e-19,5.01077698834113e-19,2.889944893219469e-19,1.6609647712782188e-19,9.513030355221767e-20,5.42957946737103e-20,3.088187228816893e-20,1.7503804532190126e-20,9.886760064342174e-21,5.565056320218547e-21,3.1216233576794824e-21,1.7449708004597697e-21,9.720619051735494e-22,5.39633831055601e-22,2.985419082507983e-22,1.6459390538740123e-22,9.043279223554154e-23,4.951574586332305e-23,2.701888160434635e-23,1.4692630175503986e-23,7.962351644978616e-24,4.300255819385134e-24,2.3145143666286004e-24,1.2414797783283006e-24,6.63643954455071e-25,3.5354761614719506e-25,1.8770659391100192e-25,9.931882393741859e-26,5.237277915803293e-26,2.7523476308802317e-26,1.4415382729694003e-26,7.524470116661627e-27,3.9143005777112696e-27,2.029376633973816e-27,1.0485843445135093e-27,5.3998209148009275e-28,2.771391157296065e-28,1.4176944699427505e-28,7.229767590791511e-29,3.678577794119504e-29,1.8735554936147312e-29,9.674517277953553e-30,5.307799377159493e-30,3.547764264804217e-30,3.547764264804217e-30
4.602748498785443,4.602748498785443,4.593405741193424,4.574673449872993,4.546458170456842,4.50861996489192,4.460972700104171,4.403284427031355,4.335277845075183,4.256630845872177,4.166977129186788,4.065906882701,3.952967516521997,3.827664442362433,3.6894618865756623,3.53778372555827,3.37201433147161,3.191499415788373,2.9955468578440505,2.783427505369598,2.5543759339023566,2.340924485350679,2.1422905728221853,1.9577106577795231,1.786440887459103,1.62775771446792,1.4809584878864959,1.3453620060425637,1.2203090220361235,1.1051626940796597,0.9993089737544634,0.902156926361159,0.8131389786451141,0.7317110902907071,0.6573528466875492,0.5895674715622945,0.5278817591275935,0.4718459264119539,0.42103338738864127,0.3750404514074565,0.3334859492408342,0.29601079077741627,0.2622774590259026,0.23196944562518107,0.20479063349087634,0.1804646325626542,0.15873407485172325,0.1393598751264285,0.12212046361955455,0.10681099709922076,0.0932425545224689,0.08124132329420373,0.07064778189220758,0.0613158843002157,0.053112251324583,0.04591537346510143,0.03961482957622394,0.0341105251002662,0.029311953187677913,0.025137481549265598,0.021513667418748272,0.018374602547948125,0.0156612897171858,0.013321051825150632,0.01130697422987931,0.009577380648871934,0.008095342594331239,0.006828222020750639,0.005747246597565521,0.004827116789589361,0.004045643732125154,0.0033834167250673276,0.0028234990396136883,0.002351150630626408,0.001953576275142741,0.0016196976107366104,0.0013399475239106902,0.0011060853359047985,0.0009110312486617777,0.0007487185446434928,0.0006139620782561758,0.0005023416514556143,0.0004100989294298187,0.0003340466220360741,0.0002714887310189444,0.00022015074026622726,0.00017811870497843097,0.0001437862743379941,0.00011580875996323825,9.306343819907257e-05,7.461534738521509e-05,5.9687911067147566e-05,4.763778423538895e-05,3.793338178631141e-05,3.0136606299603046e-05,2.3887345830800107e-05,1.8890361714482745e-05,1.490423142811431e-05,1.173205249905889e-05,9.213650414324985e-06,7.219066714605266e-06,5.643133146194197e-06,4.400964147196699e-06,3.424223307416958e-06,2.6580400160770848e-06,2.058470546939414e-06,1.5904135685468878e-06,1.2259037402353807e-06,9.427188820882361e-07,7.232463949499172e-07,5.535633459079923e-07,4.2269210076700853e-07,3.2199973793115375e-07,2.44714862479069e-07,1.8553998500404962e-07,1.4034145292756624e-07,1.0590212521958992e-07,7.972465528958681e-08,5.987547052134498e-08,4.4861379555089674e-08,3.353225977882808e-08,2.5004529115770964e-08,1.860113227491053e-08,1.3804609869756336e-08,1.0220501220800635e-08,7.548885299920578e-09,5.562311916984747e-09,4.088735961636356e-09,2.9983572023901503e-09,2.193500020144327e-09,1.600852438125768e-09,1.1655309023469141e-09,8.465538460416967e-10,6.133991679663166e-10,4.433932749104002e-10,3.1973626117344024e-10,2.3001233452688994e-10,1.650693337334917e-10,1.1817818849310008e-10,8.44041029150109e-11,6.013741443019281e-11,4.27445348628261e-11,3.030894341042496e-11,2.1439521322206026e-11,1.5129104010168454e-11,1.0650375952175174e-11,7.479456897970932e-12,5.239965095574016e-12,3.6621805993205055e-12,2.553312677340369e-12,1.7759101585799902e-12,1.2322266893880775e-12,8.529287663232874e-13,5.88962118893524e-13,4.057087263472614e-13,2.7880058062453424e-13,1.911284361295718e-13,1.307101254469688e-13,8.91754789367615e-14,6.069235368636674e-14,4.1207365708560194e-14,2.7910531913230576e-14,1.8858790045251625e-14,1.2711946748851191e-14,8.547968669543602e-15,5.734116340040145e-15,3.837274946954322e-15,2.5617238246127796e-15,1.7060620091085891e-15,1.1334714622648636e-15,7.512419166793119e-16,4.967097220504029e-16,3.276267326919363e-16,2.1558077571359512e-16,1.415125569813408e-16,9.266898488219943e-17,6.05380677397475e-17,3.94527862928999e-17,2.564968558482137e-17,1.6635732526224302e-17,1.0763601682779396e-17,6.947513742693701e-18,4.4736050438535755e-18,2.8737080494284835e-18,1.8415556497289726e-18,1.1772937013055078e-18,7.508333015605238e-19,4.777084593213175e-19,3.03212857885379e-19,1.9200341995946294e-19,1.2130429689338739e-19,7.647597428179785e-20,4.8134082983205856e-20,3.0281162199823896e-20,1.909908661105644e-20,1.2171712007482614e-20,7.987649476735493e-21,5.626076718120246e-21,4.563584846500492e-21,4.563584846500492e-21
5.539353202965568,5.539353202965568,5.528386389208274,5.506414114270029,5.473359117531206,5.429105592986893,5.373499289356957,5.306347640584086,5.227419924197376,5.136447444430052,5.033123736417847,4.917104787274344,4.788009269345357,4.64541878049032,4.4888780858279,4.3178953550189405,4.131942388844481,3.930454828572097,3.7128323413913433,3.478438775039327,3.2266022746304848,2.9899486879832864,2.7677882523996216,2.559448974565037,2.36427669680064,2.181635176504547,2.0109061726024473,1.8514895331796175,1.702803278853214,1.5642836768596344,1.4353853012724964,1.3155810752275963,1.2043622915070562,1.1012386083207049,1.0057380176135402,0.9174067837188122,0.8358093506620302,0.7605282168973001,0.6911637767193696,0.6273341280384986,0.5686748466269207,0.514838727341848,0.46549549319768757,0.42033147349687217,0.37904925253238775,0.34136729064415733,0.3070195196448218,0.2757549148275548,0.2473370459292454,0.22154360954701202,0.19816594559533388,0.1770085404462761,0.15788851941785556,0.14063513126740038,0.12508922730991967,0.11110273771837784,0.098538147475903,0.08726797434203593,0.07717425106890878,0.06814801396155683,0.06008879972222353,0.052904152354301834,0.04650914173016454,0.0408258952511636,0.03578314384997582,0.03131578340752333,0.027364452481003283,0.02387512706801641,0.020798732966073017,0.018090776128338718,0.015710991266598664,0.01362300881208276,0.01179404021480345,0.010194581442996977,0.008798134436516477,0.007580946171799808,0.006521764911354998,0.005601613137442946,0.0048035766075246195,0.004112608917690704,0.003515350919216,0.0029999643020043403,0.0025559786363705964,0.0021741511506526276,0.0018463385158308465,0.0015653799089096806,0.0013249906335300354,0.001119665588386625,0.0009445918907860846,0.0007955699833932674,0.0006689425761984086,0.0005615308023596739,0.0004705769952398099,0.0003936935241145187,0.0003288171571849239,0.00027416845222804216,0.0002282157070686565,0.0001896430337038748,0.000157322151056489,0.00013028752171956459,0.00010771448747055794,8.890008660744716e-05,7.324626315816099e-05,6.02452036385529e-05,4.9466561214674116e-05,4.054634982097124e-05,3.31773119801428e-05,2.710058376641588e-05,2.2098498573296063e-05,1.7988388125493954e-05,1.4617254560835853e-05,1.1857201459115036e-05,9.601524475849285e-06,7.761373819778577e-06,6.2629112670524755e-06,5.044893807629657e-06,4.056624446131137e-06,3.2562182052897417e-06,2.6091380786665844e-06,2.0869616215609748e-06,1.6663441231850063e-06,1.328148933986362e-06,1.0567195905606474e-06,8.392719440723004e-07,6.653876096646644e-07,5.265927631132891e-07,4.160086620968469e-07,3.2806230416599605e-07,2.582473892655194e-07,2.029272654103412e-07,1.591728323481367e-07,1.2462948710517014e-07,9.740814160380417e-08,7.599614773319235e-08,5.9184648524970755e-08,4.600945233250186e-08,3.5703014970849136e-08,2.7655525620104973e-08,2.1383437233237994e-08,1.650407103830556e-08,1.2715165977875468e-08,9.778444910242865e-09,7.506436402071731e-09,5.751929362101547e-09,4.399552203858834e-09,3.3590625996179594e-09,2.560011521924368e-09,1.947508973955096e-09,1.4788709561558427e-09,1.1209697965622161e-09,8.481446560862512e-10,6.405572035146749e-10,4.829003009976901e-10,3.6338601568830816e-10,2.7295417749665635e-10,2.0465469806884818e-10,1.5316649701266379e-10,1.1442359578569136e-10,8.532510437146172e-11,6.351074064841309e-11,4.718743148358735e-11,3.4995646596550227e-11,2.5906572075185576e-11,1.914317019576115e-11,1.4119700821915807e-11,1.0395481512139131e-11,7.639606242916123e-12,5.60408051640717e-12,4.103406793669386e-12,2.999103088738931e-12,2.1879865010500075e-12,1.5933240981308976e-12,1.1581629890558808e-12,8.403131307711589e-13,6.085809816959577e-13,4.399478715548217e-13,3.17460396114071e-13,2.2865634578363416e-13,1.6439258961275451e-13,1.179740304459798e-13,8.450760127678395e-14,6.042412565170888e-14,4.3125134159773774e-14,3.0722505397264884e-14,2.184692056638902e-14,1.5507227155448234e-14,1.0987388733222346e-14,7.771128065693613e-15,5.4869333880280296e-15,3.868008095363046e-15,2.7231653688942056e-15,1.915724453488582e-15,1.3482472466759171e-15,9.515323483800531e-16,6.767111723679209e-16,4.896064482351089e-16,3.667469264174127e-16,2.9260547548388985e-16,2.5775772985377914e-16,2.5775772985377914e-16
6.307296095281597,6.307296095281597,6.295226716887221,6.271053963543328,6.2347098446301334,6.186092380089386,6.1250656064790405,6.051459583401931,5.965070398913928,5.865660172186933,5.752957051383666,5.626655204397078,5.486414799818903,5.331861975231349,5.162588789664746,4.97815315683325,4.778078755551927,4.561854913552204,4.328936460749621,4.078743547878352,3.8106614262911607,3.557373517964555,3.3182477713463707,3.0926697173030773,2.8800422208688063,2.679785257963536,2.491335713066165,2.3141471939980254,2.147689860158996,1.991450260760015,1.8449311798107564,1.7076514848475888,1.5791459766227314,1.4589652372186834,1.3466754743004805,1.2418583594700334,1.1441108589396278,1.053045054993625,0.9682879569564585,0.889481300629344,0.8162813353958351,0.748358598425878,0.6853976756277126,0.6270969492055011,0.5731683318766797,0.5233369879856464,0.47734104191864085,0.43493127437781925,0.39587080721002355,0.35993477760725784,0.32691000260121283,0.29659463486331,0.2687978108948298,0.2433392927490285,0.22004910446919462,0.1987671644539188,0.17934291497414154,0.16163495006660064,0.14551064301601177,0.13084577461463573,0.11752416335383742,0.10543729865888249,0.09448397822663833,0.08456995046715164,0.07560756298536574,0.06751541796961272,0.060218035280031,0.053645523953751446,0.04773326276555016,0.0424215904036159,0.037655505740995604,0.033384378604969,0.02956167136979438,0.02614467162362373,0.02309423608848546,0.020374545903585728,0.01795287331720825,0.01579935977155099,0.013886805308202455,0.012190469169835867,0.01068788142622486,0.009358665409934465,0.008184370709031464,0.007148316430852083,0.00623544442217629,0.005432182106958129,0.00472631458288524,0.00410686560229025,0.0035639870510886817,0.003088856531227885,0.002673582647338714,0.0023111175966146714,0.001995176662123675,0.0017201642135044038,0.0014811058250323891,0.0012735861290848482,0.0010936920328192899,0.0009379609371502031,0.0008033336096136379,0.0006871113762174847,0.0005869173116668903,0.0005006611222263531,0.0004265074307458654,0.00036284718886806595,0.00030827195699359504,0.00026155080807634096,0.00022160962662900487,0.0001875125893382387,0.00015844562832853978,0.00013370169230052015,0.00011266763444101048,9.481256911115432e-05,7.967755182718982e-05,6.686644893051419e-05,5.6037874581876374e-05,4.689808330060355e-05,3.919471620255785e-05,3.271130837545149e-05,2.7262473478208542e-05,2.268968967793518e-05,1.8857618463318426e-05,1.56508947196252e-05,1.2971332743070115e-05,1.0735498638135514e-05,8.872604808695863e-06,7.32268705152113e-06,6.035029118240751e-06,4.9668035584274256e-06,4.0819012210278995e-06,3.3499250022130205e-06,2.745326312273864e-06,2.246665318857185e-06,1.8359783338474653e-06,1.4982377705330183e-06,1.2208919289719809e-06,9.93473491954824e-07,8.072670515019163e-07,6.550272549037559e-07,5.307402770008776e-07,4.294223074644253e-07,3.4694960273732615e-07,2.799154052505372e-07,2.2550968958024965e-07,1.8141826728743428e-07,1.4573827916190954e-07,1.1690753438411686e-07,9.36455287174047e-08,7.490429541298504e-08,5.98275194401689e-08,4.771658363287551e-08,3.800241941465215e-08,3.0222209390867696e-08,2.400013821407427e-08,1.9031515198275857e-08,1.5069700216037145e-08,1.1915356114655786e-08,9.407628550733955e-09,7.416919782177191e-09,5.8389783222764106e-09,4.590072966387428e-09,3.6030588553361907e-09,2.8241760672343933e-09,2.2104486985132995e-09,1.7275753350446913e-09,1.348220934389091e-09,1.0506360454487286e-09,8.175424969528222e-10,6.352356284077289e-10,4.928621867172707e-10,3.818404816049525e-10,2.953955471865607e-10,2.2818711762491024e-10,1.760123781883472e-10,1.355688554088365e-10,1.0426559193586484e-10,8.007302198615291e-11,6.14038126087898e-11,4.701843957140132e-11,3.5950486885558224e-11,2.7447647397783507e-11,2.0925201031946476e-11,1.5929392224213465e-11,1.210864764270042e-11,9.190993049414853e-12,6.96636347259051e-12,5.2727695020884066e-12,3.985497369652783e-12,3.008692000313395e-12,2.2688089233386458e-12,1.7095297017437494e-12,1.2878219534965684e-12,9.70893598420766e-13,7.338453047039668e-13,5.578681547626109e-13,4.2886765937864717e-13,3.364223210800055e-13,2.7300651627420816e-13,2.3342477391425114e-13,2.144185919996899e-13,2.144185919996899e-13
6.946985448331774,6.946985448331774,6.934134507882709,6.908401457961461,6.869723946255667,6.818008408412391,6.753130024364621,6.674932659082918,6.5832287868872745,6.477799398246277,6.358393887788319,6.224729922053398,6.076493285325391,5.913337701703878,5.73488463140274,5.5407230391002615,5.330409132012993,5.1034660652234205,4.8593836116601326,4.597617794008481,4.317590475720198,4.052022241524976,3.80031856442572,3.5619026747483953,3.336215128219803,3.122713403458926,2.9208715260225575,2.7301797162432826,2.550144058203663,2.3802861873040206,2.2201429940018342,2.0692663414276242,1.9272227947145635,1.7935933600159304,1.6679732313251316,1.5499715433563428,1.4392111288889633,1.3353282791250694,1.237972505755027,1.146806303571357,1.0615049126140674,0.981756078971044,0.9072598134939448,0.837728147822615,0.7728848872386199,0.7124653599904511,0.6562161628486989,0.6038949027585411,0.5552699345587875,0.5101200948311305,0.46823443202987786,0.4294119331210845,0.3934612470305254,0.3602004052622999,0.3294565401040439,0.3010656008808253,0.2748720687579574,0.25072867062338655,0.22849609260324352,0.20804269377991888,0.18924422069096003,0.1719835231895987,0.1561502722442197,0.1416406802450229,0.12835722437198696,0.1162083735594989,0.1051083195701646,0.0949767126638658,0.08573840231857396,0.07732318342727078,0.06966554836103671,0.06270444525242795,0.05638304281611574,0.050648501985841615,0.04545175460845556,0.04074728939752482,0.03649294531108637,0.03264971248088133,0.029181540784145785,0.026055156113998498,0.02323988437088503,0.020707483165605747,0.018431981194334136,0.016389525217853113,0.014558234551104469,0.01291806294513407,0.0114506677216711,0.01013928600092712,0.00896861784573957,0.00792471612989463,0.006994882925305396,0.006167572191637104,0.0054322985428898116,0.004779551858286079,0.004200717499471963,0.003688001892419985,0.003234363230412004,0.002833447053962279,0.0024795264643971706,0.0021674467299167962,0.0018925740462041004,0.0016507482178975193,0.0014382390323862122,0.0012517061033062201,0.0010881619677004014,0.0009449382279477829,0.0008196545371676849,0.0007101902347649917,0.0006146584470159561,0.0005313824760160507,0.00045887430884645623,0.00039581508739432934,0.0003410373878213263,0.00029350916715884846,0.000252319242867559,0.00021666417938955034,0.00018583646370682935,0.0001592138596679543,0.0001362498383295333,0.000116464988759751,9.943932065068888e-05,8.480537667281765e-05,7.224207877045918e-05,6.14692385365959e-05,5.2242667417667376e-05,4.434982778528357e-05,3.760597087590638e-05,3.1850712247442484e-05,2.6944999741105427e-05,2.2768432977109965e-05,1.921689716426981e-05,1.6200477477876625e-05,1.3641623469595254e-05,1.1473535930309595e-05,9.638751345041728e-06,8.087901571573024e-06,6.778628654585446e-06,5.674636768286463e-06,4.744865175649459e-06,3.962767814364237e-06,3.305686680744184e-06,2.754307595135191e-06,2.2921882072859574e-06,1.9053492486141848e-06,1.5819210707308052e-06,1.3118384357883283e-06,1.0865773534458426e-06,8.989285001593421e-07,7.428024172055266e-07,6.130622718599527e-07,5.053804884575281e-07,4.1611601911526685e-07,3.422094336346773e-07,2.810933699783672e-07,2.3061620572478678e-07,1.8897709160268697e-07,1.5467073473919928e-07,1.2644053538526158e-07,1.0323887001502763e-07,8.41934789060501e-08,6.857906036221941e-08,5.5793299127368954e-08,4.533666548096528e-08,3.679541599848941e-08,2.9827308772287324e-08,2.4149616602039395e-08,1.9529082678132108e-08,1.577351583621888e-08,1.2724767652710925e-08,1.0252872444622162e-08,8.25116448261463e-09,6.632215168894002e-09,5.324457224883646e-09,4.269383648200639e-09,3.419226832287744e-09,2.7350382285508568e-09,2.1851016465434545e-09,1.7436240590803697e-09,1.3896568886282956e-09,1.106208442856482e-09,8.795146511052847e-10,6.984407106348445e-10,5.539908371798581e-10,4.3890716168996763e-10,3.473420380764142e-10,2.7459072258435313e-10,2.168736369932032e-10,1.7115930579603203e-10,1.3502062180383319e-10,1.065183961611404e-10,8.410723068605463e-11,6.655964928945917e-11,5.290517189857749e-11,4.238163497057615e-11,3.439657949042298e-11,2.8496959107157113e-11,2.434578378790692e-11,2.1704621776215965e-11,2.04211465827642e-11,2.04211465827642e-11
7.4860363020678165,7.4860363020678165,7.472612815881028,7.445736482622782,7.4053485568472635,7.35136086104312,7.283655713998647,7.2020858345842225,7.10647422035122,6.996614000200351,6.872268260228478,6.733169841722132,6.579021110128384,6.409493693699891,6.224228190381225,6.022833841378128,5.8048881697305035,5.569936582093855,5.317491931822721,5.047034041343413,4.758009181702144,4.48316284041172,4.221925775295248,3.973746770605308,3.7380920930847146,3.514444979027225,3.302305150126403,3.1011883559683002,2.910625941095117,2.7301644346422607,2.5593651606300405,2.3978038670732174,2.245070372156496,2.1007682258113647,1.9645143851191171,1.8359389020559425,1.71468462218828,1.6004068930197175,1.4927732807841314,1.3914632945730876,1.2961681167782682,1.2065903389214814,1.1224437020351574,1.0434528408447896,0.9693530310911108,0.8998899394135761,0.8348193752975758,0.7739070446654495,0.7169283047655117,0.6636679200836884,0.6139198190687876,0.5674868515246981,0.5241805465807827,0.4838208712052982,0.44623598927574304,0.41126202126457195,0.37874280463870724,0.3485296551067404,0.3204811288787104,0.2944627861299382,0.27034695588271124,0.2480125025377676,0.22734459430168788,0.20823447376664433,0.19057923090566858,0.17428157874989475,0.15924963201433895,0.1453966889359219,0.1326410165818686,0.12090563987857905,0.11011813460080501,0.10021042454874433,0.09111858312672298,0.08278263952172826,0.07514638966342176,0.0681572121296365,0.061765889142974165,0.055926432785180905,0.050595916536703846,0.0457343122294026,0.04130433248099605,0.037271278660628335,0.033602894416092266,0.030269224774891766,0.02724248081357947,0.024496909872780595,0.022008671279102374,0.0197557175198101,0.017717680801790835,0.015875764912976282,0.014212642292096324,0.012712356201410981,0.011360227886936315,0.010142768601643837,0.009047596359167886,0.008063357278686897,0.0071796513758302285,0.006386962649672345,0.005676593312074801,0.005040602002782056,0.004471745831723487,0.003963426088871157,0.0035096374616979944,0.003104920600718649,0.002744317874718981,0.0024233321590318756,0.0021378885025392716,0.0018842985219150654,0.001659227374914227,0.0014596631682043072,0.0012828886592726046,0.001126455116273588,0.0009881582042569272,0.0008660157709895071,0.0007582474105104064,0.0006632556875944049,0.0005796089114082223,0.0005060253517886683,0.0004413587967203818,0.00038458535471308747,0.00033479141084754547,0.0002911626502517277,0.00025297406766321384,0.00021958088651206047,0.00019041031560478286,0.00016495407599140453,0.00014276163494290463,0.00012343408814717018,0.00010661863524108398,9.200359762989144e-05,7.931393119943105e-05,6.830719000069245e-05,5.876990027937775e-05,5.051430733684389e-05,4.337546064523997e-05,3.720860540204285e-05,3.188685130156944e-05,2.7299091728148603e-05,2.334814884278879e-05,1.994912214817434e-05,1.7027920081828883e-05,1.4519956010741484e-05,1.2368991689296995e-05,1.0526112802741412e-05,8.948822657449611e-06,7.600241403740911e-06,6.4483993936381315e-06,5.465614391410555e-06,4.627943375455523e-06,3.9147006023522025e-06,3.3080344538527994e-06,2.7925563610212243e-06,2.3550158023020145e-06,1.984016009361346e-06,1.6697655911795982e-06,1.4038618079133936e-06,1.1791016960343466e-06,9.893176694707903e-07,8.292346019383762e-07,6.9434573709389e-07,5.808050790760588e-07,4.853341896521501e-07,4.0514156257576523e-07,3.3785296365716577e-07,2.8145131901272475e-07,2.3422490634817562e-07,1.9472275709952863e-07,1.617163127804427e-07,1.3416649876778327e-07,1.1119548463937612e-07,9.206249355095686e-08,7.614310535518237e-08,6.291157044766048e-08,5.192571477773279e-08,4.2814072080312036e-08,3.526492806416468e-08,2.9017003834554837e-08,2.3851542953222527e-08,1.958559888906408e-08,1.6066347762139452e-08,1.316627574252227e-08,1.0779111688099415e-08,8.816393994666845e-09,7.204576544534783e-09,5.882592392083479e-09,4.799805695122652e-09,3.914292635369333e-09,3.1914008863864842e-09,2.6025447733670452e-09,2.124199793565227e-09,1.7370657759432303e-09,1.4253727827531081e-09,1.176308007623657e-09,9.795455038677561e-10,8.268636708635484e-10,7.118381129392229e-10,6.295998329003443e-10,5.766507924931048e-10,5.507307198842352e-10,5.507307198842352e-10
7.944283689410297,7.944283689410297,7.930429968607783,7.902694370073299,7.8610205507006095,7.805323922596296,7.7354915648750096,7.651382105514066,7.5528255728066584,7.4396232158395605,7.311547293308773,7.168340829875494,7.0097173391552605,6.835360512325025,6.644923871226832,6.438030384742332,6.21427204711001,5.973209416756706,5.71437111411658,5.437253276814588,5.141318970497197,4.8593308868342895,4.590737326792499,4.335004885858399,4.09161783927294,3.8600775587231846,3.639901958657101,3.430624970441898,3.2317960426427224,3.0429796657564676,2.8637549197948484,2.69371504317168,2.5324670214112666,2.379631194257925,2.2348408798306223,2.0977420145314314,1.967992807481767,1.8452634083259116,1.729235587307048,1.619602426586597,1.5160680218429377,1.418347193250313,1.3261652050027146,1.2392574926105533,1.1573693972597616,1.0802559065834463,1.0076814012551099,0.9394194068696184,0.8752523506333418,0.814971322438067,0.7583758399442622,0.7052736173479053,0.6554803375512901,0.6088194275018868,0.5651218365043886,0.5242258173494591,0.48597671013837107,0.4502267287156708,0.4168347496521837,0.38566610374814864,0.3565923700510027,0.3294911724044089,0.304245978564564,0.2807459019367086,0.2588855059991644,0.23856461149423852,0.21968810647505047,0.20216575930486883,0.18591203471100742,0.1708459129988393,0.15689071253317988,0.14397391559428813,0.1320269977141797,0.12098526059597046,0.1107876687147132,0.10137668969278693,0.09269813853648977,0.0847010258131996,0.07733740984043748,0.07056225294952045,0.06433328187734887,0.05861085233035099,0.05335781775482135,0.048539402337940116,0.04412307825374896,0.04007844715837717,0.036377125928942336,0.032992636630872686,0.029900300688980665,0.027077137228523934,0.024501765543774364,0.02215431164332618,0.02001631881355181,0.018070662134291537,0.016301466874068388,0.014694030685872642,0.013234749518876656,0.01191104715632787,0.010711308285330855,0.00962481500026553,0.008641686638193249,0.007752822841764689,0.006949849742849872,0.006225069158344478,0.005571410688347417,0.0049823866061308,0.004452049429009906,0.003974952059341977,0.0035461103854108143,0.003160968232861055,0.0028153645586024797,0.002505502780681281,0.0022279221394824367,0.0019794709877557362,0.0017572819093186465,0.0015587485688537191,0.0013815041979590018,0.001223401625500283,0.0010824947633284242,0.0009570214615391015,0.0008453876506429229,0.0007461526912593649,0.0006580158552279722,0.0005798038653258966,0.0005104594240747466,0.0004490306653959089,0.000394661466117559,0.0003465825575354546,0.00030410338037170474,0.00026660462955079033,0.00023353143821125644,0.000204387153287052,0.00017872765781801737,0.00015615619787918847,0.0001363186746491715,0.00011889936466558675,0.00010361703373816739,9.02214123060544e-05,7.849000223446018e-05,6.822518714718534e-05,5.925162038611462e-05,5.1413866577992704e-05,4.4574274574197814e-05,3.861106121303178e-05,3.3416586938745897e-05,2.8895805799956834e-05,2.4964873745373454e-05,2.1549900440166755e-05,1.85858310453501e-05,1.6015445538801878e-05,1.3788464213748937e-05,1.1860748972380455e-05,1.0193590942541194e-05,8.753075787915198e-06,7.509518860477209e-06,6.436963061925758e-06,5.512732941911271e-06,4.71703916863717e-06,4.032628065240567e-06,3.444471416536862e-06,2.93949221840053e-06,2.506322469284488e-06,2.135089493049549e-06,1.8172276371424067e-06,1.5453125128445648e-06,1.3129152372944626e-06,1.1144744026002918e-06,9.451837378132678e-07,8.00893646886994e-07,6.780250019427105e-07,5.734937479993852e-07,4.846450344950265e-07,4.0919573198575006e-07,3.451843208129191e-07,2.909272536186149e-07,2.449809966054831e-07,2.0610904652096e-07,1.7325330254852266e-07,1.4550924557412184e-07,1.2210444254767076e-07,1.0237995168511107e-07,8.577425579352033e-08,7.180939672194009e-08,6.007902445551936e-08,5.023811023570756e-08,4.199410480864269e-08,3.509935093435308e-08,2.9344584044477967e-08,2.4553376790017508e-08,2.057740251140308e-08,1.7292409696726506e-08,1.459481454680651e-08,1.2398832088169474e-08,1.0634078093818459e-08,9.24358459294382e-09,8.182181162336692e-09,7.415202666191944e-09,6.91749180561965e-09,6.672671901460494e-09,6.672671901460494e-09
8.336524702851381,8.336524702851381,8.322341114111904,8.293946607843665,8.251286493775938,8.194278654676443,8.122813447891692,8.036753573620613,7.935933909539033,7.820161311297481,7.689214378320296,7.542843184239792,7.380768971205618,7.202683807216427,7.0082502055284195,6.797100705103501,6.568837410968524,6.3230314932664164,6.059222643689978,5.776918487899579,5.4755939524369674,5.188023917892155,4.913669156658695,4.652008972191305,4.402540538061655,4.16477826849025,3.9382532187478976,3.7225125138695403,3.517118804172659,3.3216497461223153,3.135697507134932,2.958868292963269,2.790781896355629,2.63107126573303,2.479382092679014,2.3353724170875982,2.1987122488658404,2.0690832051382064,1.946178161950543,1.8297009195217226,1.7193658801409017,1.6148977378577076,1.5160311791614318,1.4225105938933564,1.3340897956835645,1.2505317512498901,1.1716083179419448,1.0970999889572952,1.0267956456998326,0.9604923167919738,0.8979949432926174,0.8391161497115286,0.783676020448109,0.7315018813181539,0.6824280858662259,0.6362958061936007,0.5929528280623474,0.5522533500649532,0.5140577866759903,0.47823257502760863,0.444649985274162,0.4131879344330061,0.38372980360847925,0.35616425852431394,0.3303850733062456,0.30629095747143764,0.28378538609456067,0.2627764331320046,0.24317660789581919,0.22490269467762997,0.20787559553003207,0.19202017621888767,0.17726511536461978,0.1635427567940797,0.15078896512694367,0.138942984621948,0.12794730130867527,0.11774750843014627,0.10829217522022128,0.09953271903786202,0.09142328087772131,0.08392060427339267,0.07698391760604155,0.07057481982712353,0.06465716959954709,0.05919697785702317,0.05416230377652552,0.0495231541538274,0.04525138616703435,0.04132061350795752,0.03770611585611284,0.0343847516651352,0.03133487422650531,0.028536250970736338,0.02596998596159207,0.02361844553453683,0.021465187026475846,0.01949489053995432,0.017693293681362965,0.01604712920936076,0.014544065526684748,0.013172649945778271,0.011922254656239981,0.010783025319976849,0.009745832218136056,0.008802223872390037,0.007944383061950852,0.007165085156788072,0.006457658686909734,0.0058159480672282556,0.0052342783974613765,0.004707422256699233,0.004230568412689206,0.003799292366535669,0.0034095286543673596,0.003057544828575311,0.0027399170424535356,0.0024535071634670625,0.0021954413419117604,0.0019630899634019046,0.0017540489154093276,0.0015661220999669942,0.0013973051266254234,0.0012457701217982778,0.001109851592740088,0.000988033286551458,0.0008789359867929292,0.000781306192496282,0.0006940056265806157,0.000616001522899848,0.0005463576433589945,0.00048422597873007053,0.0004288390889668624,0.00037950304095401964,0.00033559090372357116,0.0002965367632253891,0.0002618302207423845,0.0002310113409920063,0.0002036660178492999,0.00017942172746031378,0.00015794364028556352,0.0001389310653196488,0.00012211420137355083,0.00010725117187966813,9.412532118575862e-05,8.254275174252646e-05,7.233008296086022e-05,6.333241381926253e-05,5.541147254066128e-05,4.84439378316768e-05,4.231991728787557e-05,3.6941569617105095e-05,3.2221858321381995e-05,2.8083425407838515e-05,2.44575745728817e-05,2.1283354123035745e-05,1.8506730663041683e-05,1.6079845298850518e-05,1.3960344772367977e-05,1.2110780568407776e-05,1.049806961450204e-05,9.093010733204826e-06,7.869851506484676e-06,6.805900674875836e-06,5.881181622341399e-06,5.078122893338447e-06,4.381282053349821e-06,3.7770995400790043e-06,3.253679461444943e-06,2.8005945802413304e-06,2.4087129855444333e-06,2.0700441892931947e-06,1.7776026044765372e-06,1.5252865605194353e-06,1.307771193158683e-06,1.1204137116623776e-06,9.591696969202533e-07,8.205192208883377e-07,7.014017022130302e-07,5.991585256197815e-07,5.114825547970071e-07,4.3637376093979837e-07,3.7210027268276916e-07,3.171642286312939e-07,2.702718818249274e-07,2.3030746691342055e-07,1.9631039622317867e-07,1.674554008231732e-07,1.430352777044716e-07,1.224459447672755e-07,1.0517354192759239e-07,9.0783349742626e-08,7.891032690906521e-08,6.925109518310351e-08,6.155722505147007e-08,5.562969817275728e-08,5.1314443511834353e-08,4.8498863493894326e-08,4.7109284680794486e-08,4.7109284680794486e-08
8.674124265761321,8.674124265761321,8.65968361462509,8.630775568502704,8.58734660479385,8.529316352262622,8.456577485999178,8.368995586975656,8.266408965859485,8.148628450663171,8.0154371377254,7.866590105434273,7.701814090019283,7.520807122654532,7.323238127031538,7.108746476475687,6.876941509596055,6.627402003373803,6.359675602509634,6.073278203765791,5.767693293952644,5.475704573457568,5.19678186379397,4.930413716228081,4.676106719923136,4.433384841421999,4.201788794003348,3.9808754354934024,3.7702171931615807,3.5694015143743396,3.378030341726939,3.195719611417931,3.022098773675824,2.8568103340916635,2.699509414755114,2.549863334135104,2.4075512046891223,2.27226354722785,2.143701921103897,2.0215785693350172,1.9056160778132218,1.7955470477916395,1.6911137808808125,1.5920679758252276,1.4981704363693027,1.4091907895596698,1.324907213867409,1.2451061765498255,1.169582179706376,1.0981375145174146,1.030582023187493,0.9667328681469406,0.9064143080964047,0.8494574805088302,0.7957001902320338,0.7449867038625252,0.6971675495875274,0.6520993222172332,0.6096444931531998,0.569671225061396,0.5320531910398024,0.4966693980905894,0.46340401472580034,0.43214620255311686,0.40278995170473425,0.3752339199876057,0.34938127564737204,0.32513954365119146,0.3024204554064488,0.28113980184299514,0.2612172897961746,0.24257640163647187,0.22514425809921132,0.20885148427438407,0.19363207872243504,0.17942328568673402,0.1661654703775498,0.15380199730567928,0.1422791116465073,0.13154582361724276,0.12155379585143132,0.11225723375564621,0.10361277883354587,0.09557940496231587,0.08811831760592588,0.08119285594868127,0.07476839793127438,0.06881226816999028,0.06329364873793637,0.05818349278518507,0.05345444097258291,0.04908074069172505,0.045038168041254246,0.04130395252725168,0.03785670445307248,0.034676344961569947,0.03174403869027424,0.029042128997767078,0.026554075717244555,0.02426439539110434,0.022158603938347236,0.020223161704661125,0.018445420843269483,0.016813574972986984,0.015316611058439974,0.013944263456085217,0.012686970068501864,0.011535830548441218,0.01048256649329849,0.009519483570020222,0.008639435509978918,0.007835789913030383,0.007102395799815591,0.00643355285137307,0.0058239822752842434,0.005268799237876991,0.004763486802454646,0.004303871314091829,0.003886099172236627,0.0035066149331728787,0.003162140685318017,0.0028496566413526063,0.0025663828922885025,0.002309762269774884,0.002077444264206373,0.0018672699475266103,0.0016772578510053943,0.0015055907496996177,0.0013506033067797747,0.0012107705324069197,0.0010846970133723305,0.0009711068712566071,0.0008688344084198867,0.0007768154026938798,0.0006940790132036764,0.0006197402612971599,0.0005529930520973255,0.0004931037037131225,0.0004394049526433403,0.0003912904053816723,0.0003482094076759315,0.0003096623043073778,0.00027519606363454605,0.00024440024248748835,0.00021690326830097771,0.00019236901663730515,0.00017049366346950259,0.00015100279277309466,0.00013364874110806813,0.00011820816196215399,0.00010447979367147983,9.228241573515199e-05,8.145297929652989e-05,7.18448984762296e-05,6.332649011076127e-05,5.577955027685039e-05,4.909805676572589e-05,4.318698741490851e-05,3.7961244908332836e-05,3.334467932010292e-05,2.926920030400318e-05,2.5673971421314594e-05,2.2504679654814765e-05,1.971287367840199e-05,1.7255364940934446e-05,1.5093686080986444e-05,1.3193601617673987e-05,1.152466626286674e-05,1.005982657335165e-05,8.77506200919709e-06,7.649061788017527e-06,6.662934225364174e-06,5.7999455303426265e-06,5.0452852840282504e-06,4.385856067520089e-06,3.810084927712881e-06,3.3077545732016533e-06,2.869852381249732e-06,2.488435470491468e-06,2.1565102540042946e-06,1.8679250345265048e-06,1.6172743388289133e-06,1.3998138124395257e-06,1.2113846098968069e-06,1.0483463202547029e-06,9.075175634264256e-07,7.861234808408998e-07,6.817494244652781e-07,5.923002221532389e-07,5.159644651125816e-07,4.511833256158697e-07,3.9662347044399974e-07,3.511536884663512e-07,3.1382489970913913e-07,2.8385325870893254e-07,2.606061073333684e-07,2.4359057199948107e-07,2.3244463773899492e-07,2.2693056724255395e-07,2.2693056724255395e-07
8.96601218961681,8.96601218961681,8.951368510952726,8.922054832107435,8.878018473687261,8.819180325625885,8.745434737797211,8.656649373805447,8.552665027643279,8.43329540283143,8.298326853575157,8.147518087395278,7.980599828612994,7.797274441989217,7.5972155157401104,7.380067403071083,7.14544472129151,6.892931807491951,6.622082129684332,6.332417652223694,6.02342815424716,5.727903833115478,5.445321191424259,5.175175624732794,4.916980708540896,4.670267516425688,4.434583967963818,4.2094942051105875,3.9945779957523837,3.789430163192826,3.5936600403762293,3.4068909476942757,3.228759693263354,3.058916094600773,2.8970225206681217,2.742753453289353,2.595795066989792,2.4558448263401953,2.3226110999272245,2.195812790108241,2.0751789777441716,1.9604485811393841,1.8513700284519174,1.7477009428711916,1.649207839893284,1.5556658360561424,1.4668583685285959,1.3825769249777413,1.3026207831692156,1.2267967597839675,1.154918967963451,1.08680858312258,1.0222936165963825,0.961208696711999,0.903394856902477,0.8486993305027546,0.796975351891217,0.7480819636623139,0.7018838295368877,0.6582510527371064,0.617058999572202,0.5781881279995943,0.5415238209434331,0.5069562241691212,0.47438008852799496,0.44369461640104746,0.4148033121844001,0.3876138366721567,0.3620378652043583,0.33799094945897906,0.31539238277731396,0.29416506892171057,0.2742353941734267,0.2555331026864658,0.23799117502059705,0.22154570978341342,0.20613580831726988,0.19170346237228994,0.17819344471137094,0.16555320259728518,0.15373275411560053,0.14268458729025926,0.1323635619512935,0.12272681431635163,0.11373366424949259,0.10534552516211103,0.09752581652191233,0.09023987893659823,0.08345489177937822,0.07713979332362232,0.0712652033539413,0.06580334822075501,0.06072798830500768,0.05601434785914439,0.05163904718979083,0.04758003714681181,0.04381653588257535,0.040328967844345864,0.03709890496178714,0.03410900999059268,0.03134298197229373,0.02878550376933827,0.026422191633601898,0.024239546765594793,0.02222490882078024,0.020366411318627438,0.01865293890929418,0.017074086452179657,0.015620119860010643,0.014281938661629846,0.013051040236247877,0.011919485671601802,0.010879867198236392,0.009925277151989266,0.009049278416718551,0.008245876299360818,0.007509491789546388,0.0068349361562271265,0.006217386834085561,0.005652364552891064,0.005135711663445173,0.004663571614310372,0.0042323695341404555,0.0038387938751219216,0.0034797790737896924,0.0031524891862925466,0.002854302456048783,0.002582796772646073,0.0023357359817962223,0.002111057007150659,0.001906857745811085,0.0017213857004269438,0.0015530273118525351,0.0014002979574371025,0.0012618325811365868,0.0011363769227617207,0.0010227793148096138,0.0009199830164610694,0.0008270190554598857,0.0007429995497198582,0.000667111481626864,0.0005986108991142822,0.000536817518687269,0.0004811097066525406,0.00043091981587297534,0.00038572985640845134,0.0003450674794240118,0.00030850225474203654,0.00027564222338517054,0.0002461307074000705,0.00021964336016754338,0.0001958854412915158,0.0001745893010168172,0.00015551205995347313,0.0001384334706827506,0.00012315394858736475,0.00010949275998500033,9.728635635067206e-05,8.638684408964762e-05,7.666057996896146e-05,6.798688293235635e-05,6.0256853611271884e-05,5.337229340381257e-05,4.72447155250909e-05,4.179444093663986e-05,3.694977254045424e-05,3.264624147543221e-05,2.88259197813593e-05,2.543679409895202e-05,2.243219545472338e-05,1.9770280537430914e-05,1.7413560209514795e-05,1.5328471313130565e-05,1.3484988127029866e-05,1.1856270108544577e-05,1.0418342815178494e-05,9.149809143690745e-06,8.031588251938718e-06,7.046679740992523e-06,6.179950872978047e-06,5.4179447845727434e-06,4.748707827868764e-06,4.161634330211305e-06,3.6473272133740287e-06,3.1974730507828746e-06,2.8047302701565765e-06,2.4626293285858122e-06,2.165483798389295e-06,1.90831140570831e-06,1.6867641603532256e-06,1.4970668054975325e-06,1.3359629000079713e-06,1.2006679250652677e-06,1.088828880813041e-06,9.984899086000221e-07,9.280635404652784e-07,8.763072403562558e-07,8.423049616516474e-07,8.254535033613683e-07,8.254535033613683e-07
9.219333117064284,9.219333117064284,9.204527279206117,9.174889592580428,9.130367998020356,9.070884313332485,8.996334120961135,8.90658661786748,8.80148442733151,8.680843372311767,8.544452209923758,8.392072326524087,8.22343739281257,8.038252978289718,7.83619612433117,7.616914875064357,7.380027765155575,7.125123263537705,6.851759172029941,6.559461977720933,6.247726157905813,5.94934676961852,5.663805322383987,5.390602351396266,5.1292566897118945,4.879304771429495,4.640299964540213,4.4118119321792095,4.19342602105274,3.9847426758585067,3.7853768785589352,3.594957611407938,3.4131273426715683,3.2395415340218245,3.0738681686207587,2.9157872989490152,2.764990613469017,2.621181021248203,2.4840722537021303,2.3533884826507685,2.2288639539140958,2.1102426357050206,1.997277881108878,1.8897321039691062,1.7873764675283865,1.6899905852034012,1.597362232899489,1.5092870722988672,1.4255683845827085,1.3460168140732418,1.2704501213071633,1.1986929450760282,1.1305765729929143,1.0659387201674995,1.0046233155938367,0.9464802958764352,0.8913654059408883,0.839140006395116,0.7896708872263924,0.7428300875376687,0.6984947210442936,0.6565468070690842,0.6168731067898018,0.5793649645084663,0.5439181537265827,0.5104327278242861,0.4788128751546211,0.4489667783766955,0.42080647786327824,0.39424773902956495,0.36920992344033665,0.3456158635625848,0.3233917410399011,0.3024669683735421,0.2827740739030967,0.26424858998712775,0.2468289442910491,0.23045635409585177,0.21507472354713553,0.20063054376924838,0.18707279577421712,0.17435285609957946,0.16242440511323566,0.15124333792703665,0.14076767786404815,0.1309574924272943,0.12177481172031156,0.1131835492720609,0.10514942522067039,0.09763989181213739,0.09062406117152805,0.08407263530539376,0.07795783829510002,0.07225335064155224,0.0669342457224239,0.06197692832346466,0.05735907520580613,0.05305957767140814,0.049058486088914846,0.04533695634223241,0.041877198164113075,0.03866242531694798,0.03567680758284444,0.03290542452490577,0.030334220981453063,0.0279499642547386,0.02574020295550922,0.023693227464593163,0.0217980319725126,0.020044278057973926,0.018422259765963168,0.016922870146081435,0.015537569211697928,0.014258353280480479,0.013077725656888013,0.011988668617278788,0.010984616658403902,0.01005943097021909,0.009207375094159552,0.00842309172828288,0.007701580640993883,0.007038177655421396,0.006428534666920239,0.005868600656619836,0.005354603664433148,0.004883033685473506,0.004450626454400635,0.004054348082828308,0.003691380515572163,0.003359107772194816,0.0030551029410136182,0.0027771158934716904,0.0025230616875322963,0.0022910096295373776,0.002079172964770404,0.0018858991677787003,0.0017096608043384019,0.0015490469377833847,0.0014027550532652948,0.0012695834743625821,0.0011484242473097648,0.0010382564689715998,0.000938140035538191,0.0008472097897641399,0.0007646700454156547,0.0006897894684221296,0.0006218962950513784,0.0005603738682387703,0.0005046564739985152,0.0004542254606288695,0.00040860562419088315,0.0003673618444913599,0.00033009595653397895,0.0002964438431171874,0.0002660727349527717,0.00023867870535435547,0.00021398434719993277,0.00019173662050654862,0.0001717048595680791,0.00015367892919855436,0.00013746752019349579,0.0001228965746702891,0.00010980783247574318,9.805749035482405e-05,8.751496605930616e-05,7.806176003900547e-05,6.95904078016773e-05,6.200351645093881e-05,5.5212879315129986e-05,4.913866296431478e-05,4.3708661278133396e-05,3.885761157447459e-05,3.452656813848944e-05,3.066232880388892e-05,2.7216910534346426e-05,2.4147070232769424e-05,2.141386727082787e-05,1.898226448105758e-05,1.6820764589725203e-05,1.49010792910823e-05,1.3197828373285506e-05,1.168826650375082e-05,1.0352035467675372e-05,9.170939828524985e-06,8.128744144072457e-06,7.210990026692701e-06,6.404831482683584e-06,5.698887102982372e-06,5.083107807376305e-06,4.548658966740703e-06,4.087815843549396e-06,3.693871400450313e-06,3.3610556306350724e-06,3.0844656625974564e-06,2.860005986205546e-06,2.6843382373316574e-06,2.5548400651114196e-06,2.4695726897501882e-06,2.427256840167267e-06,2.427256840167267e-06
9.439887643920834,9.439887643920834,9.424951049811263,9.395052082737271,9.350139146956321,9.290134753702477,9.214935406807854,9.124411449870932,9.018406874691067,8.89673909061779,8.759198654392316,8.605548959987107,8.435525887877255,8.248837413104551,8.045163171421759,7.82415398273019,7.585431330948567,7.328586799374922,7.053181460526002,6.758745219360169,6.444776108710006,6.1440728690029465,5.856120810932187,5.580424378322454,5.316506409818859,5.06390743140912,4.822184978503193,4.5909129463398655,4.369680967534025,4.158093815620994,3.955770833495722,3.7623453856848057,3.5774643334281717,3.4007875315851037,3.231987346415921,3.0707481933262595,2.916766093695475,2.769748249944308,2.629412638029597,2.4954876165855904,2.3677115519622136,2.2458324584406695,2.129607652935875,2.01880342352356,1.9131947111573762,1.8125648039681044,1.7167050435630098,1.62541454276861,1.538499914284595,1.4557750097403765,1.3770606686687596,1.3021844769335476,1.2309805341694848,1.1632892298138708,1.0989570273293892,1.0378362562372514,0.9797849115986293,0.9246664606005551,0.8723496559200261,0.8227083555569465,0.7756213488427994,0.7309721883475603,0.6886490274223579,0.6485444631297549,0.6105553843272872,0.574582824683052,0.5405318204146995,0.5083112725551631,0.4778338135598668,0.4490156780809997,0.42177657774473026,0.39603957977700044,0.3717309893327617,0.3487802353922348,0.3271197600959961,0.30668491139842263,0.2874138389262955,0.2692473929361671,0.2521290262704671,0.2360046992182664,0.22082278719215245,0.20653399113781454,0.1930912505977029,0.18044965935453522,0.16856638358448747,0.15740058245364572,0.14691333109472288,0.137067545904181,0.12782791210275748,0.11916081350499158,0.11103426444570029,0.1034178438134782,0.09628263114320586,0.08960114472126447,0.0833472816586849,0.07749625988881874,0.0720245620473263,0.06690988119333925,0.062131068331593806,0.057668081696148545,0.05350193775701974,0.0496146639116896,0.045989252823986936,0.04260961837331118,0.039460553177581445,0.03652768765365098,0.03379745057924213,0.031257031120737314,0.02889434229141237,0.02669798580492995,0.02465721828912616,0.02276191882533047,0.02100255777866236,0.019370166884951745,0.017856310560139897,0.0164530583982353,0.01515295882412932,0.013949013867821464,0.01283465502686642,0.011803720184136649,0.010850431548296518,0.009969374584708326,0.009155477904837733,0.008403994082596504,0.007710481366454835,0.007070786256573113,0.0064810269166443914,0.00593757739060272,0.005437052594838877,0.0049762940570727094,0.004552356373559202,0.004162494356852673,0.0038041508469185067,0.003474945158963554,0.003172662141953034,0.0028952418223921685,0.002640769608573128,0.002407467031120723,0.0021936829963119463,0.00199788552929335,0.001818653984974794,0.0016546717050366236,0.001504719100148383,0.0013676671371591297,0.0012424712116808833,0.0011281653871462194,0.0010238569820771978,0.0009287214879543594,0.0008419978007201873,0.0007629837495900918,0.0006910319074744626,0.0006255456679367252,0.0005659755742236012,0.0005118158865041217,0.00046260137404253917,0.0004179043196064581,0.0003773317239746106,0.0003405226989581946,0.0003071460378850979,0.00027689795301723426,0.0002494999698772989,0.0002246969689522354,0.0002022553657163975,0.0001819614203776469,0.00016361966919438368,0.00014705146964072126,0.00013209365211074213,0.00011859727125107035,0.00010642645039401104,9.545731293140036e-05,8.557699482229547e-05,7.668273276596142e-05,6.868102289556259e-05,6.148684515785263e-05,5.50229488403194e-05,4.9219194990047665e-05,4.401195173839751e-05,3.934353880287048e-05,3.5161717682672444e-05,3.14192242979225e-05,2.8073341044653114e-05,2.5085505449163062e-05,2.2420952806394085e-05,2.0048390378284134e-05,1.7939700909992517e-05,1.606967339498474e-05,1.4415759184702073e-05,1.2957851695419517e-05,1.1678088114413795e-05,1.0560671650218053e-05,9.59171300803177e-06,8.759089901779389e-06,8.052323539367217e-06,7.462471137869966e-06,6.982033641180126e-06,6.604877924567246e-06,6.326172879110826e-06,6.142338874578605e-06,6.051010202509094e-06,6.051010202509094e-06
9.632441983091589,9.632441983091589,9.617399088490947,9.587287696161784,9.542056561332325,9.481628720486713,9.405901375544346,9.314745739114016,9.208006840549478,9.085503292464155,8.947027017293227,8.792342933421407,8.621188600324283,8.433273822099713,8.228280208693882,8.005860694053583,7.7656390103625,7.50720911744415,7.230134586338044,6.9339479359781,6.618149921823413,6.31554210854443,6.025612725452138,5.747869221940706,5.481837521598143,5.22706130702187,4.983101334090016,4.749534774484876,4.525954585309021,4.311968904677081,4.107200472207362,3.911286073377168,3.7238760067441525,3.544633573073183,3.3732345854441794,3.2093668994511977,3.052729962636726,2.903034382337815,2.760001511152259,2.623363049263677,2.492860662894014,2.368245618180721,2.2492784298037507,2.1357285237144756,2.0273739133448263,1.9240008887002749,1.8254037177648639,1.7313843596702694,1.6417521891039364,1.5563237314536478,1.474922408207485,1.397378292149067,1.3235278719081631,1.253213825446366,1.186284802076403,1.122595212631946,1.0620050274224309,1.0043795816244165,0.9495893877774446,0.8975099550681984,0.8480216151019946,0.8010093538753359,0.7563626496773546,0.7139753166615501,0.6737453538422393,0.635574799282638,0.5993695892534577,0.5650394221523668,0.5324976269856273,0.5016610362236906,0.4724498628525315,0.4447875814520312,0.4186008131417889,0.39381921424337585,0.37037536851623465,0.3482046828322105,0.3272452861610614,0.3074379317462654,0.2887259023570286,0.2710549185086119,0.254373049548943,0.2386306275149907,0.2237801636675493,0.20977626761793036,0.19657556896460052,0.18413664136205193,0.1724199289481521,0.16138767505991336,0.15100385317105797,0.14123409998794217,0.13204565064336238,0.12340727593050108,0.11528922152180111,0.10766314911988845,0.10050207948981177,0.09378033732384347,0.08747349789189961,0.0815583354322994,0.07601277323910766,0.07081583540369611,0.06594760016943278,0.061389154859570624,0.05712255233946854,0.05313076897524679,0.049397664051864416,0.045907940614415985,0.04264710769718665,0.039601443905686,0.03675796231750825,0.034104376668446144,0.03162906879082523,0.029321057271528162,0.027169967297651795,0.02516600165818773,0.02329991287054395,0.021562976401135688,0.019946964949671284,0.01844412376714722,0.017047146977948544,0.015749154876829773,0.014543672171928998,0.013424607145346915,0.012386231703204712,0.011423162287481433,0.010530341622324357,0.009703021267926014,0.008936744955469525,0.008227332677060882,0.007570865504992675,0.0069636711151193995,0.0064023099895695644,0.005883562274474381,0.005404415268856973,0.0049620515212990875,0.004553837511484053,0.004177312894204687,0.003830180283922289,0.0035102955584671988,0.003215658660981847,0.0029444048797230855,0.002694796585860872,0.0024652154099343805,0.00225415483815337,0.0020602132102612715,0.0018820871012060459,0.0017185650693945515,0.0015685217548349994,0.0014309123109992247,0.0013047671547611103,0.0011891870192886774,0.0010833382952844001,0.0009864486464803172,0.0008978028858008901,0.0008167390991064997,0.000742645003923395,0.0006749545310511761,0.0006131446174159304,0.0005567321990054637,0.0005052713931821677,0.0004583508601185473,0.0004155913335399009,0.0003766433113877797,0.00034118489743637014,0.000308919785301598,0.00027957537667935476,0.000252901026034652,0.00022866640433760223,0.00020665997480483672,0.000186687573956287,0.00016857109163716648,0.0001521472439835576,0.00013726643362730272,0.00012379169174203068,0.00011159769682726956,0.00010056986541186345,9.060351013153246e-05,8.160306089860155e-05,7.348134513493288e-05,6.615892328218223e-05,5.9563476036956773e-05,5.36292399825787e-05,4.8296488504278986e-05,4.351105508109191e-05,3.922389624584379e-05,3.53906916947886e-05,3.19714792110113e-05,2.8930322241078252e-05,2.623500813295299e-05,2.3856775205313593e-05,2.1770066974508747e-05,1.9952312015884515e-05,1.8383728081518303e-05,1.7047149236930154e-05,1.5927874915529055e-05,1.5013539921819185e-05,1.4294004543168893e-05,1.376126405566441e-05,1.340937703266576e-05,1.3234411985588494e-05,1.3234411985588494e-05
9.800951613337999,9.800951613337999,9.78582168416436,9.755536357334393,9.710044657020124,9.649270022256248,9.573110190084773,9.481437039435333,9.374096395472767,9.250907794075774,9.111664206042146,8.956131720547328,8.784049187313657,8.595127816877305,8.389050738269082,8.16547251335318,7.92401860699493,7.664284812154512,7.385836628928127,7.088208596481301,6.770903576740769,6.466725321964811,6.175164324896999,5.895730368791555,5.627951775982936,5.371374687054909,5.12556236937842,4.890094553833305,4.6645667985729915,4.4485898787337605,4.241789201031204,4.0438042422259874,3.854288010479232,3.672906528654597,3.49933833865979,3.3332740259544806,3.1744157633848182,3.022476873536791,2.877181408831601,2.738263748616191,2.6054682125309676,2.4785486894647333,2.3572682814338806,2.2413989617490366,2.130721246857644,2.0250238812753794,1.924103535042979,1.8277645131678693,1.7358184765321207,1.6480841737695913,1.5643871836357879,1.484559667413929,1.4084401309199812,1.3358731956880772,1.2667093789357184,1.200804881925541,1.1380213863571973,1.078225858439097,1.0212903603053407,0.9670918684582561,0.9155120989314225,0.8664373388820498,0.8197582843350225,0.7753698838138512,0.7331711876062176,0.6930652024237465,0.6549587512271202,0.6187623379986649,0.5843900172550988,0.5517592681032615,0.520790872651324,0.49140879859726505,0.46354008582525064,0.43711473684903224,0.4120656109495491,0.3883283218616296,0.36584113887202,0.34454489119795656,0.32438287552212985,0.3053007665662011,0.2872465305910071,0.27017034171726656,0.25402450096596174,0.2387633579226543,0.22434323493478572,0.21072235375554396,0.1978607645521435,0.18572027720038695,0.17426439479115455,0.16345824927802377,0.15326853919855044,0.1436634694048724,0.1346126927422219,0.1260872536166714,0.11805953339599888,0.11050319758994567,0.10339314475837118,0.09670545709788586,0.09041735265947819,0.08450713915145258,0.07895416928366975,0.07373879761063727,0.06884233883244618,0.06424702751389198,0.05993597918336885,0.055893152774286275,0.05210331437283675,0.04855200223694713,0.045225493052182625,0.04211076939124414,0.03919548834451527,0.036467951289878044,0.03391707477073256,0.031532362451829256,0.029303878123157975,0.02722221972274016,0.02527849434974226,0.023464294239874277,0.0217716736755601,0.020193126803869418,0.01872156633568688,0.017350303100065967,0.0160730264281746,0.014883785341689432,0.013776970520937699,0.012747297028521036,0.011789787764586874,0.010899757630340635,0.010072798376817387,0.009304764116355968,0.008591757474642433,0.007930116361613953,0.007316401339939286,0.006747383570218309,0.006220033312470967,0.005731508963915651,0.005279146613468425,0.004860450093827896,0.004473081512445522,0.004114852243117812,0.003783714360374894,0.0034777524992790475,0.003195176123686664,0.002934312186467426,0.0026935981656147803,0.0024715754606216517,0.0022668831339343856,0.0020782519827355368,0.001904498926742016,0.001744521698138652,0.0015972938201980237,0.0014618598615649503,0.001337330953607838,0.0012228805586587095,0.0011177404773787339,0.0010211970838960175,0.0009325877777668773,0.0008512976422104276,0.0007767562984587042,0.0007084349464503653,0.0006458435824749689,0.0005885283847466063,0.0005360692582500418,0.00048807753055922205,0.00044419379067688796,0.0004040858632848611,0.00036744691112725226,0.0003339936585732367,0.0003034647297220704,0.00027561909472062886,0.0002502346182629048,0.00022710670453159848,0.00020604703312420257,0.00018688238077986172,0.0001694535239888573,0.0001536142178239204,0.00013923024658182783,0.00012617854206503417,0.00011434636556658669,0.00010363054984744788,9.393679761380259e-05,8.517903321317287e-05,7.727880447243046e-05,7.016473179833082e-05,6.377200185225469e-05,5.80419032957031e-05,5.292140228203681e-05,4.836275554327531e-05,4.432315908878016e-05,4.076443069565884e-05,3.765272452906133e-05,3.495827638453423e-05,3.2655178194586445e-05,3.072118058794907e-05,2.913752243303326e-05,2.7888786437157534e-05,2.696278001059084e-05,2.6350440739703218e-05,2.6045765946899173e-05,2.6045765946899173e-05
9.94872675273283,9.94872675273283,9.933525118434403,9.903096485591409,9.857390086596814,9.796329672187166,9.719813393834155,9.627713646624777,9.51987687236509,9.396123322575509,9.256246780978172,9.10001424500892,8.927165565817663,8.737413046151485,8.530440995444529,8.305905241367363,8.063432597016051,7.802620282847769,7.523035302394686,7.224213770711702,6.905660194435761,6.600180035588282,6.307265557837737,6.026428372522936,5.7571986831222555,5.499124560236869,5.251771245870316,5.014720485832512,4.787569889140474,4.569932313330506,4.361435274637555,4.161720382036824,3.9704427941808365,3.7872706983016653,3.611884810183463,3.4439778943444077,3.2832543036000703,3.129429537211852,2.9822298168547277,2.8413916796679977,2.706661587681221,2.5777955529349432,2.4545587776423576,2.3367253087636115,2.224077706389173,2.1164067253525163,2.013511009515408,1.9151967981913012,1.821277644193801,1.7315741430178895,1.6459136726815873,1.5641301437750486,1.4860637592827093,1.4115607837621047,1.3404733214803208,1.2726591031257848,1.2079812807292716,1.1463082304435517,1.0875133628461502,1.0314749404441497,0.9780759020739235,0.9272036939021266,0.8787501067472072,0.8326111194531614,0.7886867480592418,0.7468809005208501,0.707101236747939,0.6692590337378844,0.6332690555900277,0.5990494281989006,0.5665215184325646,0.5356098176115306,0.5062418291123771,0.4783479599284765,0.4518614160281702,0.42671810135832183,0.40285652034843045,0.38021768377741394,0.3587450178717815,0.33838427651022684,0.31908345641567765,0.3007927152215669,0.2834642923045373,0.26705243228096975,0.25151331106965163,0.23680496442757226,0.22288721887026583,0.2097216248923279,0.19727139240770875,0.18550132833315544,0.17437777624173753,0.16386855801675623,0.1539429174395163,0.1445714656474376,0.13572612840181103,0.12738009510716608,0.11950776952672486,0.11208472214077736,0.10508764409702868,0.09849430270405563,0.09228349842096666,0.08643502329819798,0.08092962082610339,0.07574894714961426,0.07087553360876539,0.06629275056630539,0.061984772484948464,0.05793654421807634,0.05413374847887736,0.05056277445401342,0.04721068752894437,0.0440652000930152,0.04111464339333004,0.038347940407303126,0.03575457970459335,0.03332459026990137,0.03104851725883893,0.02891739865977358,0.026922742835210848,0.025056506916903577,0.023311076029478215,0.0216792433179415,0.02015419075498237,0.01872947070451451,0.017398988218416844,0.01615698404392532,0.014998018319610265,0.013916954938341967,0.01290894655610409,0.011969420225961489,0.011094063636927196,0.010278811937904158,0.009519835127301125,0.008813525989340614,0.008156488558489886,0.007545527093855092,0.006977635545783611,0.0064499874973216196,0.005959926563572577,0.005504957232398598,0.005082736130300285,0.004691063697702086,0.004327876258259398,0.003991238467190721,0.0036793361240230987,0.003390469335521712,0.0031230460149549973,0.0028755757042245706,0.002646663705764747,0.002435005511489134,0.00223938151643159,0.002058652005095541,0.0018917523988889779,0.0017376887533822848,0.001595533494482043,0.0014644213829659665,0.0013435456971718736,0.0012321546239769036,0.0011295478485417658,0.0010350733336285385,0.0009481242796291192,0.0008681362567647488,0.0007945845012348816,0.0007269813674058789,0.0006648739284364547,0.0006078417180373205,0.0005554946063569829,0.0005074708032740321,0.000463434982658434,0.0004230765214402586,0.0003861078475938869,0.00035226289140901794,0.0003212956346767381,0.0002929787526695352,0.0002671023440384586,0.00024347274398870314,0.00022191141632678447,0.00020225392019826893,0.0001843489475548089,0.0001680574276031405,0.0001532516946968486,0.00013981471633423836,0.00012763937812273885,0.000116627822762066,0.00010669084028508462,9.774730697712182e-05,8.972367057161335e-05,8.255347949262613e-05,7.617695408322647e-05,7.054059792309699e-05,6.559684749948946e-05,6.130375865279982e-05,5.762472837202426e-05,5.452825066637687e-05,5.198770538769674e-05,4.9981179024227817e-05,4.849131663020852e-05,4.750520419775071e-05,4.701428091801665e-05,4.701428091801665e-05
10.07855734509623,10.07855734509623,10.063296309620148,10.032748955856034,9.986864678879426,9.925567472986765,9.84875581353187,9.756302499068726,9.648054453537956,9.523832488167784,9.383431022693587,9.226617765432465,9.05313335168125,8.862690939837329,8.65497576457182,8.429644646313832,8.18632545623252,7.924616535830507,7.644086070187807,7.344271413819313,7.024678368031536,6.718113741918415,6.424071195721689,6.142063783865083,5.871623196356565,5.612299030635747,5.363658092658038,5.125283726052929,4.89677516823812,4.677746932413595,4.467828214400763,4.266662323331148,4.0739061352270225,3.8892295685529676,3.7123150808524494,3.542857185617435,3.380561988571688,3.2251467425798523,3.076339420424709,2.933878304724223,2.797511594288124,2.666997026240918,2.5421015132643565,2.4226007953376327,2.3082791053778733,2.1989288482069385,2.0943502922931594,1.9943512737384366,1.8987469120021427,1.8073593368735579,1.7200174262241077,1.6365565540895364,1.5568183486503224,1.480650459696182,1.4079063351774042,1.3384450064620563,1.2721308819338193,1.2088335485803394,1.1484275812365798,1.090792359161727,1.0358118896417305,0.9833746383226222,0.9333733659923101,0.8857049715406421,0.8402703408391706,0.7969742012932556,0.7557249818299098,0.7164346780951476,0.6790187226445658,0.6433958599204349,0.6094880258177862,0.5772202316507881,0.5465204523391819,0.5173195186426628,0.4895510132788842,0.4631511707682253,0.4380587808556101,0.4142150953665158,0.3915637383608536,0.3700506194546766,0.3496238501856519,0.33023366330396103,0.3118323348757551,0.2943741090915036,0.277815125676549,0.2621133498059226,0.24722850442998587,0.2331220049217668,0.2197568959609471,0.20709779057334748,0.1951108112484535,0.18376353306103538,0.17302492872624844,0.16286531552075992,0.15325630400544815,0.14417074848805755,0.13558269916688512,0.12746735589911848,0.11980102353985626,0.11256106880011905,0.10572587857431319,0.09927481968964472,0.09318820003190305,0.08744723100384931,0.08203399127415817,0.07693139177647894,0.07212314191970916,0.06759371697201419,0.06332832658248595,0.059312884405617175,0.05553397879497943,0.05197884453363664,0.04863533556990676,0.04549189872810573,0.04253754836487342,0.03976184194259606,0.03715485649230491,0.034707165939252445,0.03240981926514621,0.03025431948176147,0.028232603391357983,0.026337022109997988,0.024560322330503464,0.022895628302403114,0.021336424506806586,0.019876539004705984,0.018510127437745952,0.017231657661024385,0.01603589498798859,0.014917888027977532,0.013872955097431314,0.012896671186245911,0.011984855461194956,0.011133559288772923,0.010339054760235838,0.009597823702028049,0.008906547155186986,0.008262095307713501,0.0076615178642834665,0.007102034838057894,0.006581027749724041,0.006096031219269549,0.0056447249363558195,0.0052249259955160655,0.004834581582757891,0.004471762000500241,0.004134654018120305,0.003821554535727404,0.0035308645491185036,0.0032610834042035236,0.0030108033295182797,0.0027787042357687282,0.00256354877167212,0.002364177625678726,0.0021795050634719577,0.002008514691454885,0.0018502554367373534,0.0017038377344399602,0.0015684299134291417,0.0014432547718913038,0.0013275863344433582,0.0012207467827620546,0.0011221035519950824,0.0010310665854929434,0.0009470857406720613,0.0008696483390863752,0.0007982768540467213,0.0007325267293846336,0.0006719843232096772,0.0006162649707571044,0.0005650111606654367,0.000517890819261523,0.00047459569766371935,0.0004348398567420707,0.0003983582451977966,0.00036490536624300907,0.00033425402857547996,0.0003061941775524835,0.00028053180267233755,0.0002570879176723405,0.00023569760974743846,0.00021620915458527468,0.0001984831941003715,0.0001823919739332199,0.00016781863795912265,0.00015465657722691493,0.0001428088309193188,0.00013218753709484722,0.00012271343113602935,0.00011431538999046536,0.00010693002045003012,0.0001005012898696197,9.498019788038696e-05,9.032448780364451e-05,8.649839662074479e-05,8.347244250149788e-05,8.122324903928257e-05,7.973340548517562e-05,7.899136241639856e-05,7.899136241639856e-05
10.192809160477745,10.192809160477745,10.177498675382681,10.146852486518787,10.100820117099477,10.039325753282204,9.962268125591143,9.869520350510198,9.760929731985353,9.636317522509271,9.495478643394604,9.3381813637754,9.164166937808137,8.973149199475381,8.764814114325526,8.538819287411563,8.294793426620206,8.032335760509788,7.751015409701203,7.450370710790397,7.129908491673721,6.822436630431828,6.527449896503713,6.244462491466364,5.973007288120677,5.712635099967263,5.462913979870342,5.2234285467538895,4.99377933921844,4.773582195009538,4.562467655309722,4.360080392865353,4.1660786629974655,3.9801337765823153,3.8019295941223463,3.6311620400621702,3.467538636536552,3.3107780557688025,3.1606096903680574,3.0167732408029777,2.8790183193573315,2.747104069899856,2.620798802826704,2.4998796445597584,2.384132201008163,2.2733502344235648,2.1673353531019313,2.0658967134062616,1.9688507336052898,1.876020819043211,1.787237098174711,1.7023361690181316,1.6211608555974468,1.5435599739609551,1.4693881073811637,1.3985053903563243,1.3307773010494715,1.2660744618156383,1.2042724474822126,1.1452516010611458,1.0888968565849835,1.0350975687714323,0.9837473492334714,0.9347439089638172,0.8879889068339618,0.8433878038589154,0.8008497229893455,0.7602873142029194,0.7216166246764086,0.684756973829469,0.6496308330400212,0.616163709839798,0.5842840364069339,0.5539230621804508,0.525014750429147,0.4974956786147462,0.47130494239621407,0.4463840631289042,0.42267689871867353,0.40012955769731884,0.37869031639162676,0.3583095390640237,0.3389396009082565,0.32053481378874943,0.3030513546172596,0.2864471962652176,0.27068204091468695,0.25571725575522053,0.24151581093803468,0.22804221970287852,0.2152624805967455,0.2031440217071673,0.19165564683625577,0.18076748354491673,0.17045093299976408,0.1606786215582137,0.1514243540300451,0.14266306855638627,0.1343707930496145,0.1265246031400731,0.11910258157779212,0.11208377903957015,0.10544817629383574,0.09917664767765892,0.0932509258421367,0.08765356772413271,0.08236792170401629,0.0773780959106238,0.072668927636161,0.06822595382518165,0.06403538260312162,0.06008406581113874,0.05635947251521615,0.05284966345862995,0.04954326642796568,0.046429452503896955,0.04349791316891553,0.040738838245127675,0.03814289463611258,0.03570120584767411,0.03340533226311295,0.031247252149403635,0.029219343371381788,0.0273143657917355,0.025525444335251085,0.023846052696391538,0.022269997669886188,0.020791404084585775,0.019404700321388888,0.018104604396575855,0.01688611059239616,0.01574447661724661,0.014675211278251062,0.013674062649510403,0.012737006719733967,0.011860236503392555,0.011040151599949097,0.010273348186127271,0.009556609426571366,0.008886896288633601,0.008261338747398386,0.007677227367417516,0.00713200524798648,0.006623260319140571,0.006148717975890678,0.005706234038553162,0.005293788027356235,0.004909476739827241,0.004551508119781509,0.004218195407044196,0.00390795155734208,0.003619283922102712,0.003350789178194019,0.003101148497928338,0.0028691229499412125,0.002653549121837165,0.002453334955772151,0.002267455788415584,0.0020949505870037906,0.001934918373461459,0.0017865148288282796,0.0016489490704844148,0.0015214805949207936,0.001403416379048527,0.0012941081332859203,0.0011929496999017392,0.0010993745903294994,0.0010128536553996338,0.0009328928826644881,0.0008590313152151814,0.0007908390866094804,0.0007279155667460225,0.0006698876137324626,0.0006164079270035027,0.0005671534971492833,0.0005218241481153466,0.00048014116763237907,0.0004418460219272295,0.00040669915095639463,0.00037447884058929693,0.00034498016835135737,0.00031801401951616406,0.00029340617051205626,0.0002709964367812809,0.0002506378823996492,0.00023219608893143573,0.00021554848115825075,0.00020058370748189997,0.0001872010729599687,0.00017531002308916507,0.00016482967660548197,0.0001556884057221391,0.00014782346237620647,0.0001411806492029494,0.00013571403410344085,0.0001313857074160319,0.00012816558084602822,0.00012603122745056958,0.00012496776211743,0.00012496776211743
10.293498833517187,10.293498833517187,10.278147002599338,10.247418172974028,10.201261969518697,10.139602730626498,10.062339389317346,9.96934531441689,9.860468111543469,9.73552938357754,9.594324450221732,9.436622026192968,9.262163857520473,9.07066431535523,8.86180994662714,8.635258980815928,8.39064079203032,8.127555315517515,7.845572417650795,7.544231218367792,7.223039364954755,6.914805589326718,6.619025547539559,6.335214358853971,6.062905843056599,5.801651788126716,5.5510212470514775,5.310599862638785,5.079989219221126,4.858806220186346,4.6466824903122586,4.443263801921384,4.2482095239099875,4.061192092742056,3.8818965045338607,3.710019827388497,3.5452707331722357,3.387369047955724,3.236045320373119,3.0910404071811315,2.9521050753277893,2.8189996198674856,2.691493497084666,2.5693649722132923,2.4524007811631265,2.340395805686846,2.2331527614441415,2.1304818984402663,2.0322007133370126,1.9381336731538532,1.8481119498960008,1.7619731656644795,1.6795611478209054,1.6007256937966852,1.5253223451526936,1.4532121705112244,1.384261556997188,1.318342009840125,1.2553299598026575,1.1951065781145398,1.137557598604496,1.0825731467345723,1.0300475752538036,0.9798793061996158,0.9319706789865553,0.8862278043327033,0.8425604237844773,0.8008817746104742,0.7611084598445874,0.7231603232678339,0.6869603291271759,0.6524344463981323,0.6195115374061485,0.588123250629546,0.5582039175144219,0.5296904531391123,0.5025222605727876,0.47664113877942865,0.4519911939248376,0.4285187539504814,0.40617228628386337,0.38490231856076534,0.3646613622401218,0.34540383899747135,0.32708600978790525,0.309665906474186,0.29310326592026653,0.2773594664547948,0.2623974666133588,0.24818174607220717,0.23467824868999548,0.22185432757773868,0.20967869212063228,0.19812135687871865,0.18715359229654221,0.17674787715495935,0.1668778527011483,0.15751827839561372,0.1486449892175959,0.14023485447279152,0.1322657380496681,0.1247164600729158,0.11756675990473471,0.11079726044670564,0.10438943369694088,0.09832556751906796,0.09258873358136173,0.08716275642601874,0.08203218363016124,0.07718225702167451,0.07259888491442167,0.06826861532874928,0.06417861016449875,0.06031662029497486,0.05667096155149917,0.05323049156929309,0.04998458746649829,0.046923124329152834,0.044036454475902126,0.041315387477139066,0.0387511709041381,0.03633547178457715,0.03406035874163131,0.031918284794575334,0.029902070799550377,0.028004889509835897,0.026220250235622935,0.02454198408391067,0.022964229759747587,0.0214814199106118,0.020088267996275083,0.018779755667022578,0.017551120633606507,0.016397845012799457,0.015315644132881114,0.014300455783844054,0.013348429897539649,0.012455918643405412,0.011619466925821843,0.010835803269539883,0.010101831080001324,0.009414620265743969,0.00877139921044214,0.008169547082481812,0.007606586470308873,0.007080176332119258,0.006588105248781739,0.006128284969198094,0.005698744237612057,0.005297622892677974,0.004923166228393033,0.004573719607283485,0.004247723316515847,0.003943707657878904,0.0036602882628516786,0.00339616162423656,0.003150100836095912,0.0029209515339845694,0.002707628027720135,0.002509109619177934,0.0023244370978380002,0.002152709407047705,0.0019930804741957516,0.001844756198221232,0.0017069915881055186,0.001579088046214911,0.0014603907905783023,0.0013502864103967752,0.0012482005492909923,0.0011535957109976255,0.0010659691824279416,0.000984851069200046,0.0009098024389513109,0.0008404135679291909,0.0007763022865470599,0.0007171124197769322,0.00066251231843304,0.0006121934775793049,0.0005658692384698169,0.0005232735706046245,0.0004841599306535101,0.00044830019516805484,0.00041548366416729746,0.0003855161328447308,0.00035821902880436754,0.00033342861239124306,0.00031099523783710423,0.00029078267309527863,0.0002726674763899316,0.00025653842765422,0.00024229601317935745,0.00022985196194244914,0.00021912883222524162,0.00021005964727882146,0.00020258757893089162,0.0001966656781727131,0.000192256651902244,0.0001893326851385883,0.00018787530816072038,0.00018787530816072038
