,W_n1,W_n2,X1,X2
0,1.97,1.27,0.5649548104786111,2.240784729060505
1,1.97,1.3,0.5637063715003235,2.22900016475884
2,1.97,1.32,0.5624102479732703,2.2171145905605396
3,1.97,1.35,0.5610659259989678,2.205126059047577
4,1.97,1.37,0.5596594559985565,2.1930322163173783
5,1.97,1.4,0.5581579140957182,2.180835153351812
6,1.97,1.42,0.5566054083962859,2.168536884548874
7,1.97,1.45,0.5550020025975995,2.1561393491202954
8,1.95,1.25,0.5649558657381271,2.2407375246687717
9,1.95,1.27,0.563707468900449,2.228955111927127
10,1.95,1.3,0.5624113881756725,2.2170725524965103
11,1.95,1.32,0.561067109572777,2.205085919629637
12,1.95,1.35,0.5596607343378848,2.1929938830520808
13,1.95,1.37,0.5581592385453883,2.1807985388370525
14,1.95,1.4,0.5566067792101241,2.168501906129754
15,1.95,1.42,0.5550034198922617,2.1561059285747004
16,1.92,1.22,0.5649569834289718,2.240687523602123
17,1.92,1.25,0.5637086312257732,2.2289073898394682
18,1.92,1.27,0.562412595836377,2.217028023683935
19,1.92,1.3,0.5610683631717606,2.205043401926595
20,1.92,1.32,0.5596620883099359,2.192953278492136
21,1.92,1.35,0.5581606413569191,2.18075975484523
22,1.92,1.37,0.5566082311300896,2.168464855158479
23,1.92,1.4,0.5550049210443352,2.1560705277703858
24,1.9,1.2,0.5649581672386462,2.2406345601918463
25,1.9,1.22,0.5637098623111876,2.2288568403690823
26,1.9,1.25,0.5624138749399973,2.21698085655735
27,1.9,1.27,0.5610696909322545,2.204998365032245
28,1.9,1.3,0.5596635223823807,2.1929102680670627
29,1.9,1.32,0.5581621271593188,2.1807186728355905
30,1.9,1.35,0.556609768947435,2.1684256088346836
31,1.9,1.37,0.5550065110077465,2.1560330293742824
32,1.87,1.17,0.5649594210717143,2.240578458958632
33,1.87,1.2,0.5637111662173352,2.228803296023607
34,1.87,1.22,0.562415229705718,2.216930894810108
35,1.87,1.25,0.5610710972341167,2.2049506596930533
36,1.87,1.27,0.5596650412859292,2.192864709233689
37,1.87,1.3,0.558163700854148,2.1806751566521068
38,1.87,1.32,0.5566113977355338,2.16838403708294
39,1.87,1.35,0.555008195028139,2.1559934589391556
40,1.85,1.15,0.5649607490624882,2.2405190340315233
41,1.85,1.17,0.5637125472438022,2.228747786288989
42,1.85,1.2,0.562416664601016,2.2168779728766848
43,1.85,1.22,0.561072586714961,2.2049001278138327
44,1.85,1.25,0.5596666500297123,2.192816451004839
45,1.85,1.27,0.5581653676314612,2.1806290620721525
46,1.85,1.3,0.5566131228663858,2.168340002121018
47,1.85,1.32,0.5550099786599395,2.1559523273209265
48,1.82,1.12,0.5649621555884491,2.240456088533241
49,1.82,1.15,0.5637140099430779,2.2286890666151296
50,1.82,1.17,0.5624181843561578,2.2168219153846946
51,1.82,1.2,0.5610741642852197,2.204846601934413
52,1.82,1.22,0.5596683539175474,2.192765333448548
53,1.82,1.25,0.5581671329866639,2.180580236329114
54,1.82,1.27,0.5566149500280649,2.1682933580040418
55,1.82,1.3,0.555011867784408,2.1559087584913637
56,1.8,1.1,0.5649636452844341,2.240389413928762
57,1.8,1.12,0.5637155591353146,2.2286268679634667
58,1.8,1.15,0.5624197939795419,2.216762536574193
59,1.8,1.17,0.5610758351440674,2.204789904674991
60,1.8,1.2,0.5596701585651432,2.192711187158641
61,1.8,1.22,0.5581690027383382,2.1805285176060276
62,1.8,1.25,0.5566168852431783,2.168243950140261
63,1.8,1.27,0.555013868628722,2.155862608036533
64,1.77,1.07,0.5649652230576386,2.240318789335686
65,1.77,1.1,0.563717199923929,2.2285609842400524
66,1.77,1.12,0.5624214987739141,2.216699639682351
67,1.77,1.15,0.5610776047962586,2.20472984814857
68,1.77,1.17,0.5596720699182907,2.1926538326934883
69,1.77,1.2,0.5581709830470988,2.1804737344994383
70,1.77,1.22,0.556618934888382,2.168191614779379
71,1.77,1.25,0.5550159877861636,2.155813722984778
72,1.75,1.05,0.5649668941034814,2.240243980793757
73,1.75,1.07,0.5637189377121044,2.228491197145279
74,1.75,1.1,0.5624233043535168,2.216633016292498
75,1.75,1.12,0.5610794790699315,2.204666233339149
76,1.75,1.15,0.559674094272095,2.1925930799818603
77,1.75,1.17,0.5581730804355226,2.1804157054520137
78,1.75,1.2,0.5566211057150177,2.168136178470018
79,1.75,1.22,0.555018232237459,2.155761941301082
80,1.72,1.02,0.564968663922369,2.2401647404912453
81,1.72,1.05,0.5637207782202323,2.228417275451688
82,1.72,1.07,0.5624252166622148,2.2165624456439916
83,1.72,1.1,0.5610814641354341,2.2045988494424726
84,1.72,1.12,0.5596762382913156,2.1925287276934817
85,1.72,1.15,0.5581753018092263,2.1803542381509287
86,1.72,1.17,0.5566234048709352,2.1680774574847113
87,1.72,1.2,0.5550206093733498,2.1557070913489498
88,1.7,1.0,0.5649705383374242,2.2400808059456216
89,1.7,1.02,0.5637227275043503,2.228338974238696
90,1.7,1.05,0.5624272419926568,2.2164876939016915
91,1.7,1.07,0.5610835665252162,2.2045274731683717
92,1.7,1.1,0.5596785090318526,2.192460562572187
93,1.7,1.12,0.5581776544791408,2.180289128891015
94,1.7,1.15,0.5566258399235504,2.168015257211899
95,1.7,1.17,0.5550231270184408,2.155648991322226
96,1.67,0.97,0.5649725235132151,2.2399920824242576
97,1.67,1.0,0.56372479197563,2.228256034082167
98,1.67,1.02,0.5624293870065322,2.2164085133819467
99,1.67,1.05,0.5610857931548623,2.2044518680013234
100,1.67,1.07,0.5596809139634757,2.192388358730003
101,1.67,1.1,0.5581801461850602,2.180220161899909
102,1.67,1.12,0.5566284188842301,2.167949371510585
103,1.67,1.15,0.5550257934564179,2.1555874486421236
104,1.65,0.95,0.5649746259755546,2.239900039459158
105,1.65,0.97,0.563726978420965,2.2281681801967106
106,1.65,1.0,0.5624316587559678,2.2163246417329967
107,1.65,1.02,0.5610881513453131,2.2043717834179066
108,1.65,1.05,0.5596834609938255,2.1923118768989838
109,1.65,1.07,0.5581827851205239,2.1801471086237165
110,1.65,1.1,0.5566311502340527,2.167879582028294
111,1.65,1.12,0.5550286174566987,2.1555222593195187
112,1.62,0.92,0.5649768526324129,2.239802543729394
113,1.62,0.95,0.5637292940247319,2.228075121526254
114,1.62,0.97,0.5624340647061429,2.216235801067115
115,1.62,1.0,0.5610906488463477,2.2042869540573036
116,1.62,1.02,0.5596861584937898,2.1922308636394376
117,1.62,1.05,0.5581855799591134,2.1800697269702196
118,1.62,1.07,0.5566340429510382,2.167805657477336
119,1.62,1.1,0.5550316083025876,2.1554532072782244
120,1.6,0.9,0.5649792107960152,2.239699272282511
121,1.6,0.92,0.5637317463917778,2.227976549782129
122,1.6,0.95,0.5624366127591852,2.2161416970410155
123,1.6,0.97,0.5610932938613952,2.2041970988434216
124,1.6,1.0,0.5596890153243059,2.1921450505005224
125,1.6,1.02,0.5581885398822354,2.179987760507012
126,1.6,1.05,0.5566371065389127,2.1677273528689636
127,1.6,1.07,0.5550347758210359,2.1553800636396367
128,1.57,0.87,0.5649817082061753,2.239589883048621
129,1.57,0.9,0.5637343435716949,2.2278721384231703
130,1.57,0.92,0.5624393112794002,2.216042017882426
131,1.57,0.95,0.5610960950737379,2.204101920054498
132,1.57,0.97,0.5596920408646746,2.1920541531321307
133,1.57,1.0,0.5581916746084652,2.179900937612766
134,1.57,1.02,0.556640351057496,2.1676444087021185
135,1.57,1.05,0.5550381304140708,2.1553025859636783
136,1.55,0.85,0.5649843530549519,2.23947401371046
137,1.55,0.87,0.5637370940844662,2.227761541576588
138,1.55,0.9,0.5624421691199287,2.215936433358849
139,1.55,0.92,0.5610990616741918,2.2040011023384296
140,1.55,0.95,0.5596952450424658,2.191957870343428
141,1.55,0.97,0.558194994424552,2.1798089705777466
142,1.55,1.0,0.5566437871548003,2.1675565501039276
143,1.55,1.02,0.5550416830919993,2.15522051744589
144,1.52,0.82,0.5649871540126633,2.239351280506335
145,1.52,0.85,0.563740006947537,2.227644392894749
146,1.52,0.87,0.5624451956508842,2.215824593685835
147,1.52,0.9,0.5611022033903311,2.2038943116693277
148,1.52,0.92,0.5596986383650956,2.1918558831063986
149,1.52,0.95,0.5581985102181434,2.179711554651663
150,1.52,0.97,0.5566474261009269,2.1674634859199577
151,1.52,1.0,0.5550454455084706,2.155133586066473
152,1.5,0.8,0.564990120255364,2.2392212769627236
153,1.5,0.82,0.5637430917043988,2.227520304344557
154,1.5,0.85,0.5624484007890683,2.2157061283700936
155,1.5,0.87,0.5611055305173412,2.203781194242762
156,1.5,0.9,0.5597022319531701,2.1917478535000847
157,1.5,0.92,0.5582022335123512,2.17960836703481
158,1.5,0.95,0.5566512798238492,2.16736490774988
159,1.5,0.97,0.5550494299974932,2.155041503688403
160,1.47,0.77,0.5649932614938425,2.2390835725523512
161,1.47,0.8,0.5637463584547562,2.227388864925517
162,1.47,0.82,0.5624517950293293,2.21558064498548
163,1.47,0.85,0.561109053950594,2.203661375305835
164,1.47,0.87,0.559706037575672,2.1916334235927994
165,1.47,0.9,0.5582061765022314,2.1794990658098947
166,1.47,0.92,0.5566553609472016,2.1672604889265212
167,1.47,0.95,0.5550536496125263,2.154943965103587
168,1.45,0.75,0.5649965880042169,2.2389377112731452
169,1.45,0.77,0.5637498178863647,2.2272496393123085
170,1.45,0.8,0.5624553894776545,2.2154477278754685
171,1.45,0.82,0.5611127852200152,2.2035344579180247
172,1.45,0.85,0.5597100676871073,2.191512214257956
173,1.45,0.87,0.5582103520932831,2.1793832888104947
174,1.45,0.9,0.5566596828301409,2.1671510059198025
175,1.45,0.92,0.5550581181677229,2.1548406470211234
176,1.42,0.72,0.5650001106602092,2.2387832101435086
177,1.42,0.75,0.5637534813086101,2.2271021664173842
178,1.42,0.77,0.5624591958860823,2.2153069367803706
179,1.42,0.8,0.5611167365263443,2.2034000216389615
180,1.42,0.82,0.5597143354666858,2.191383823920378
181,1.42,0.85,0.5582147739420784,2.179260652422901
182,1.42,0.87,0.5566642596094284,2.167036470994451
183,1.42,0.9,0.5550628502814613,2.1547312069964755
184,1.4,0.7,0.5650038409671979,2.2386195576093972
185,1.4,0.72,0.5637573606879401,2.2269459578688786
186,1.4,0.75,0.5624632266895371,2.2151578053829044
187,1.4,0.77,0.5611209207793915,2.203257621139077
188,1.4,0.8,0.5597188548596619,2.19124782722831
189,1.4,0.82,0.5582194564991095,2.17913075031703
190,1.4,0.85,0.5566691062438106,2.16691514964673
191,1.4,0.87,0.5550678614222601,2.1546152822972706
192,1.37,0.67,0.5650077910981094,2.2384462118573665
193,1.37,0.7,0.563761468685208,2.2267804963990674
194,1.37,0.72,0.5624674950446548,2.214999839768194
195,1.37,0.75,0.5611253516383723,2.203106784727889
196,1.37,0.77,0.5597236406209223,2.1911037736473933
197,1.37,0.8,0.5582244150539916,2.178993152102566
198,1.37,0.82,0.5566742385608259,2.1667866397950872
199,1.37,0.85,0.5550731679572191,2.154492488701774
200,1.35,0.65,0.5650119739312567,2.2382625990289444
201,1.35,0.67,0.5637658186950575,2.2266052341380793
202,1.35,0.7,0.5624720148707258,2.214832516793536
203,1.35,0.72,0.561130043554432,2.2029470127960407
204,1.35,0.75,0.559728708360947,2.1909511859712776
205,1.35,0.77,0.5582296657831071,2.178847401905625
206,1.35,0.8,0.5566796733061674,2.166650515540136
207,1.35,0.82,0.5550787872030806,2.1543624192260626
208,1.32,0.62,0.5650164030902229,2.2380681113300285
209,1.32,0.65,0.5637704248874137,2.2264195908072
210,1.32,0.67,0.5624768008928401,2.2146552823616923
211,1.32,0.7,0.5611350118154638,2.20277777616526
212,1.32,0.72,0.559734074594247,2.1907895587449997
213,1.32,0.75,0.5582352257998305,2.178693016861534
214,1.32,0.77,0.5566854281956983,2.166506325755469
215,1.32,0.8,0.5550847374800646,2.154224642776836
216,1.3,0.6,0.5650210929858606,2.237862105029393
217,1.3,0.62,0.563775302251203,2.226222951806207
218,1.3,0.65,0.5624818686873412,2.2144675495930946
219,1.3,0.67,0.5611402725933344,2.2025985143412847
220,1.3,0.7,0.5597397567903988,2.19061835659487
221,1.3,0.72,0.558241113207455,2.1785294855188724
222,1.3,0.75,0.5566915219702795,2.1663535925942163
223,1.3,0.77,0.5550910381685992,2.154078702723581
224,1.27,0.57,0.5650260588605349,2.2376438983400235
225,1.27,0.6,0.56378046664039,2.2260146661885365
226,1.27,0.62,0.5624872347297019,2.214268696890443
227,1.27,0.65,0.5611458429936164,2.2024086336641484
228,1.27,0.67,0.5597457734278066,2.1904370124606007
229,1.27,0.7,0.5582473471549302,2.178357246015844
230,1.27,0.72,0.5566979744535151,2.1661918099077715
231,1.27,0.75,0.5550977097690822,2.153924115387038
232,1.25,0.55,0.5650313168346954,2.2374127691763763
233,1.25,0.57,0.563785934822451,2.2257940445174422
234,1.25,0.6,0.5624929164449278,2.214058065889679
235,1.25,0.62,0.561151741107956,2.202207505349498
236,1.25,0.65,0.5597521440503039,2.1902449257228653
237,1.25,0.67,0.5582539478955696,2.1781778750937018
238,1.25,0.7,0.5567048066125646,2.166020441570889
239,1.25,0.72,0.5551047739648185,2.1537603684380153
240,1.22,0.52,0.5650368839558821,2.237167952780566
241,1.22,0.55,0.5637917245293821,2.225560356596998
242,1.22,0.57,0.5624989322606025,2.213834959290824
243,1.22,0.6,0.5611579860691887,2.201994463414992
244,1.22,0.62,0.559758889326728,2.1900414602210496
245,1.22,0.65,0.5582609368488307,2.1779878769172765
246,1.22,0.67,0.5567120406221614,2.1658389197085275
247,1.22,0.7,0.5551122536882743,2.1535869192017922
248,1.2,0.5,0.5650427782502735,2.2369086392096773
249,1.2,0.52,0.5637978545113553,2.2253128290698743
250,1.2,0.55,0.5625053016626899,2.2135986385615376
251,1.2,0.57,0.561164598109321,2.2017688024849256
252,1.2,0.6,0.5597660311136051,2.189825942154344
253,1.2,0.62,0.5582683366653285,2.1777866219762037
254,1.2,0.65,0.5567196999319689,2.1656466428175345
255,1.2,0.67,0.555120173190804,2.1534031928624606
256,1.17,0.47,0.56504901877689,2.236633970676811
257,1.17,0.5,0.5638043445931394,2.2250506428750225
258,1.17,0.52,0.5625120452542184,2.213348321506399
259,1.17,0.55,0.5611715986205096,2.201529775466003
260,1.17,0.57,0.5597735925210696,2.1895977103644464
261,1.17,0.6,0.5582761712952118,2.1775734434928995
262,1.17,0.62,0.5567278093374318,2.1654429737779184
263,1.17,0.65,0.5551285581159842,2.1532085805613557
264,1.15,0.45,0.565055625684551,2.2363430387368726
265,1.15,0.47,0.5638112157333934,2.2247729305566537
266,1.15,0.5,0.5625191848169484,2.2130831796936077
267,1.15,0.52,0.5611790102191545,2.201276591087031
268,1.15,0.55,0.5597815979821544,2.18936132371876
269,1.15,0.57,0.5582844660600362,2.177347635220064
270,1.15,0.6,0.5567363950542613,2.1652272377468575
271,1.15,0.62,0.555137435576726,2.15300243738307
272,1.12,0.42,0.5650626202717021,2.2360348813087296
273,1.12,0.45,0.5638184900869581,2.2244787734163807
274,1.12,0.47,0.5625267433761707,2.2128023357317232
275,1.12,0.5,0.5611868568132319,2.2010084112944477
276,1.12,0.52,0.5597900733256048,2.1891109333877727
277,1.12,0.55,0.5582932477282996,2.1771084491085455
278,1.12,0.57,0.5567454847967128,2.1649987199287266
279,1.12,0.6,0.5551468342363153,2.1527840802231313
280,1.1,0.4,0.565070025049226,2.235708479524289
281,1.1,0.42,0.5638261910702423,2.224167198499514
282,1.1,0.45,0.5625347452687317,2.212504860387061
283,1.1,0.47,0.5611951636730017,2.200726045521917
284,1.1,0.5,0.5597990458523203,2.188845710101836
285,1.1,0.52,0.5583025445947496,2.176855092838512
286,1.1,0.55,0.5567551078597883,2.164756663214021
287,1.1,0.57,0.5551567843935307,2.152552785529854
288,1.07,0.37,0.5650778638063424,2.235362754394788
289,1.07,0.4,0.5638343434298494,2.22383717540587
290,1.07,0.42,0.5625432162144193,2.2121897695332393
291,1.07,0.45,0.5612039575052155,2.2004319073960494
292,1.07,0.47,0.5598085444156047,2.1885647755363142
293,1.07,0.5,0.5583123865636492,2.1765867272055868
294,1.07,0.52,0.556765295205543,2.1645002656792895
295,1.07,0.55,0.5551673180720037,2.15230778691328
296,1.05,0.35,0.5650861616797048,2.2349965632839126
297,1.05,0.37,0.5638429733145255,2.2234876129155228
298,1.05,0.4,0.5625521833908327,2.2118592534530315
299,1.05,0.42,0.5612132665309356,2.200120347126397
300,1.05,0.45,0.5598185995053334,2.188267199418684
301,1.05,0.47,0.5583228052361094,2.176302463353551
302,1.05,0.5,0.5567760795536155,2.1642286779403466
303,1.05,0.52,0.5551784691139853,2.1520482726135457
304,1.02,0.32,0.5650949452258072,2.234608696177116
305,1.02,0.35,0.5638521083505673,2.2231192130586552
306,1.02,0.37,0.5625616755118397,2.211513677331412
307,1.02,0.4,0.5612231205671167,2.1997903334226856
308,1.02,0.42,0.5598292433361723,2.1879519964662903
309,1.02,0.45,0.5583338340016422,2.176001359845117
310,1.02,0.47,0.5567874954761562,2.163941000350167
311,1.02,0.5,0.5551902732786516,2.151773382820442
312,1.0,0.3,0.5651042424968004,2.234202420795733
313,1.0,0.32,0.5638617777207883,2.2227358489778903
314,1.0,0.35,0.5625717229097601,2.211147636241882
315,1.0,0.37,0.5612335511120411,2.199440774052101
316,1.0,0.4,0.5598405099400026,2.1876181231452527
317,1.0,0.42,0.5583455081340882,2.175682419561014
318,1.0,0.45,0.556799579497279,2.163636280032364
319,1.0,0.47,0.5552027683451319,2.151482206835497
320,0.97,0.27,0.5651140831198218,2.2337770709800244
321,0.97,0.3,0.5638720122471454,2.222329786587434
322,0.97,0.32,0.5625823576213568,2.2107599193422196
323,0.97,0.35,0.561244591434752,2.1990705122546816
324,0.97,0.37,0.5598524352626579,2.1872644742404694
325,0.97,0.4,0.5583578648920245,2.1753445864180847
326,0.97,0.42,0.5568123701971952,2.163313507741062
327,0.97,0.45,0.5552159942203805,2.151173780067575
328,0.95,0.25,0.5651244983799261,2.2333265431281286
329,0.95,0.27,0.5638828444771401,2.2218996835267486
330,0.95,0.3,0.5625936134777673,2.210349244320153
331,0.95,0.32,0.5612562766685741,2.1986783229505
332,0.95,0.35,0.5598650572651066,2.18688987922577
333,0.95,0.37,0.55837094362381,2.174986741895789
334,0.95,0.4,0.5568259083211542,2.1629716145371365
335,0.95,0.42,0.5552299930520508,2.150847080852522
336,0.92,0.22,0.5651355213067143,2.2328493490803036
337,0.92,0.25,0.5638943087740673,2.221444118289712
338,0.92,0.27,0.5626055261984622,2.2099142532016556
339,0.92,0.3,0.561268643908842,2.1982629087270067
340,0.92,0.32,0.5598784160291912,2.186493098423024
341,0.92,0.35,0.5583847858773688,2.1746077013599576
342,0.92,0.37,0.5568402368933196,2.1626094682699817
343,0.92,0.4,0.5552448093465069,2.1505010270865794
344,0.9,0.2,0.5651471867647259,2.2323439130521496
345,0.9,0.22,0.5639064414112108,2.220961585594699
346,0.9,0.25,0.5626181334893108,2.2094535079173925
347,0.9,0.27,0.5612817323149181,2.19782289559412
348,0.9,0.3,0.559892553868026,2.1860728189383662
349,0.9,0.32,0.5583994355148302,2.1742062101730104
350,0.9,0.35,0.5568554013357032,2.1622258698544523
351,0.9,0.37,0.5552604900920836,2.150140390639275
352,0.87,0.17,0.565159531547683,2.231808566524698
353,0.87,0.2,0.5639192806700539,2.220450491489451
354,0.87,0.22,0.5626314751448497,2.208965485614133
355,0.87,0.25,0.5612955832165941,2.1973568284941725
356,0.87,0.27,0.5599075154411547,2.185627650363088
357,0.87,0.3,0.5584149388321267,2.1737809395779615
358,0.87,0.32,0.5568714495922606,2.1618195493307275
359,0.87,0.35,0.5552770848877204,2.149760771389404
360,0.85,0.15,0.565172594476609,2.2312415428435672
361,0.85,0.17,0.5639328669425552,2.219909148175914
362,0.85,0.2,0.5626455931547985,2.208448573696909
363,0.85,0.22,0.561310240224931,2.1968631665532454
364,0.85,0.25,0.5599233478745266,2.185156120225797
365,0.85,0.27,0.558431344683627,2.1733304823437645
366,0.85,0.3,0.5568884322582309,2.161393861640717
367,0.85,0.32,0.5552946460770659,2.1493586593613068
368,0.82,0.12,0.5651864165018918,2.230640971511595
369,0.82,0.15,0.5639472428375448,2.2193357685400588
370,0.82,0.17,0.5626605318148915,2.2079010645873467
371,0.82,0.2,0.5613257493476083,2.196340278059432
372,0.82,0.22,0.5599401008853757,2.184656669182448
373,0.82,0.25,0.5584487046118733,2.172853348158745
374,0.82,0.27,0.5569064027148038,2.1609481401592285
375,0.82,0.3,0.5553132288881198,2.1489327224134946
376,0.8,0.1,0.5652010408092988,2.2300048721584753
377,0.8,0.12,0.5639624532912567,2.2187284603706376
378,0.8,0.15,0.5626763378420296,2.207321150182674
379,0.8,0.17,0.5613421591087968,2.1957864351532685
380,0.8,0.2,0.5599578269120207,2.1841276459294283
381,0.8,0.22,0.5584670729824655,2.1723580369561297
382,0.8,0.25,0.5569254172691565,2.160476013345726
383,0.8,0.27,0.5553328915784802,2.1484815496334386
384,0.77,0.07,0.5652165129299249,2.2293311481703246
385,0.77,0.1,0.563978545682002,2.218085220250415
386,0.77,0.12,0.5626930604937749,2.206706915999266
387,0.77,0.15,0.5613595206735738,2.19519981249643
388,0.77,0.17,0.5599765812485975,2.1835769534621003
389,0.77,0.2,0.558486507124104,2.1718346478839377
390,0.77,0.22,0.5569455352998778,2.1599759180325355
391,0.77,0.25,0.5553536955862148,2.1480036467036614
392,0.75,0.05,0.565232880854082,2.2286216650515502
393,0.75,0.07,0.5639955699489523,2.217408312395565
394,0.75,0.1,0.5627107516921562,2.2060640125428495
395,0.75,0.12,0.561377887976855,2.194592331102941
396,0.75,0.15,0.5599964221847331,2.182996666637012
397,0.75,0.17,0.5585070674737933,2.171280259316292
398,0.75,0.2,0.5569668194077892,2.159446198735449
399,0.75,0.22,0.5553757056863659,2.1474974309992723
400,0.72,0.02,0.5652501951490336,2.2278828170212766
401,0.72,0.05,0.5640135787149819,2.2167028498220382
402,0.72,0.07,0.562729466151735,2.205390322193512
403,0.72,0.1,0.5613973178568012,2.1939488854335862
404,0.72,0.12,0.5600167179893357,2.1823820185445535
405,0.72,0.15,0.5585288177271426,2.170693037267698
406,0.72,0.17,0.5569893355721005,2.15888510224108
407,0.72,0.2,0.5553989901530393,2.146961226402138
408,0.7,-0.0,0.5652685090805233,2.2271002699284175
409,0.7,0.02,0.5640326274134876,2.215955648985197
410,0.7,0.05,0.5627492615118483,2.2046767618595973
411,0.7,0.07,0.5614178701926059,2.1932673501239
412,0.7,0.1,0.5600380358574301,2.1817309775684643
413,0.7,0.12,0.5585518249936977,2.170071039625489
414,0.7,0.15,0.5570131533118353,2.158290771883233
415,0.7,0.17,0.5554236209270106,2.146393257815942
416,0.67,-0.03,0.5652878787379242,2.226271447199942
417,0.67,-0.0,0.5640527744190357,2.2151642470837856
418,0.67,0.02,0.5627701984728835,2.2039209774148696
419,0.67,0.05,0.5614396080465313,2.192545474842541
420,0.67,0.07,0.5600605836845072,2.181041392501424
421,0.67,0.1,0.5585761599571404,2.1694122098375908
422,0.67,0.12,0.5570383458523818,2.157661241491336
423,0.67,0.15,0.5554496737887102,2.1457916453657373
424,0.65,-0.05,0.5653083631628812,2.2253936215571475
425,0.65,-0.03,0.5640740811816788,2.2143260370283735
426,0.65,-0.0,0.562792340936429,2.20312047660571
427,0.65,0.02,0.5614625978100308,2.191780877042292
428,0.65,0.05,0.560084430384837,2.1803109855900606
429,0.65,0.07,0.5586018970402126,2.1687143702414957
430,0.65,0.1,0.5570649902969972,2.156994428993235
431,0.65,0.12,0.555477228536417,2.1451543982647845
432,0.62,-0.08,0.5653300244811895,2.2244639063716805
433,0.62,-0.05,0.5640966123647112,2.2134382591376154
434,0.62,-0.03,0.5628157561490564,2.202272621076783
435,0.62,-0.0,0.5614869093537048,2.190971034304583
436,0.62,0.02,0.5601096484881762,2.179537345187716
437,0.62,0.05,0.5586291145740814,2.1679752150148888
438,0.62,0.07,0.5570931678030095,2.156288129653607
439,0.62,0.1,0.5555063691694058,2.1444865214506845
440,0.6,-0.1,0.5653529280376441,2.2234792465468174
441,0.6,-0.08,0.5641204359855775,2.212497992375643
442,0.6,-0.05,0.5628405148494513,2.2013746179535105
443,0.6,-0.03,0.5615126161808176,2.190113276256112
444,0.6,-0.0,0.5601363142998098,2.1787179179945007
445,0.6,0.02,0.5586578949718591,2.1671924736130106
446,0.6,0.05,0.5571229637624165,2.155550215297978
447,0.6,0.07,0.5555371840757479,2.1437874088706135
448,0.57,-0.13,0.5653771425335165,2.2224534200732045
449,0.57,-0.1,0.5641456235595815,2.211513225085008
450,0.57,-0.08,0.5628666914185375,2.2004318824172797
451,0.57,-0.05,0.5615397955840042,2.189213557147108
452,0.57,-0.03,0.5601645080640094,2.1778622122695146
453,0.57,-0.0,0.5586883249058837,2.166381619562353
454,0.57,0.02,0.5571544679864854,2.1547753694633505
455,0.57,0.05,0.5555697662243585,2.1430468800901656
456,0.55,-0.15,0.5654027401662467,2.221373559890864
457,0.55,-0.13,0.5641722502459814,2.210481975890245
458,0.55,-0.1,0.5628943640321585,2.1994469222371547
459,0.55,-0.08,0.5615685288047209,2.1882726834181274
460,0.55,-0.05,0.5601943141304265,2.1769633350177466
461,0.55,-0.03,0.5587204954882804,2.165522755024937
462,0.55,-0.0,0.5571877748938622,2.1539546341158635
463,0.55,0.02,0.5556042133608128,2.142262485048784
464,0.52,-0.18,0.565429796770852,2.220229896716269
465,0.52,-0.15,0.5642003949959595,2.209389765045284
466,0.52,-0.13,0.5629236148158091,2.1984037107585466
467,0.52,-0.1,0.5615989011949312,2.1872761438443034
468,0.52,-0.08,0.5602258211229222,2.1760112582929865
469,0.52,-0.05,0.5587545024542488,2.164613043857612
470,0.52,-0.03,0.5572229837016461,2.153085296753953
471,0.52,-0.0,0.5556406282063576,2.1414316294406834
472,0.5,-0.2,0.565458391962482,2.2190186803530683
473,0.5,-0.18,0.5642301407018746,2.2082330053110777
474,0.5,-0.15,0.5629545300007966,2.197298816728988
475,0.5,-0.13,0.561631002380389,2.1862206564517543
476,0.5,-0.1,0.5602591221101656,2.17500284294752
477,0.5,-0.08,0.5587904463473921,2.1636494835353908
478,0.5,-0.05,0.5572601986187103,2.1521644855145703
479,0.5,-0.03,0.5556791186594088,2.1405515663402763
480,0.47,-0.23,0.5654886092794361,2.2177359430294312
481,0.47,-0.2,0.5642615743471038,2.207007900841477
482,0.47,-0.18,0.5629872000811365,2.1961286089257483
483,0.47,-0.15,0.5616649264247985,2.185102747610379
484,0.47,-0.13,0.5602943147772876,2.173934766177049
485,0.47,-0.1,0.5588284327063027,2.162628895570051
486,0.47,-0.08,0.5572995290404866,2.15118915996645
487,0.47,-0.05,0.5557197979987238,2.139619387358476
488,0.45,-0.25,0.5655205363258565,2.216404588388389
489,0.45,-0.23,0.5642947871556633,2.2057257099119
490,0.45,-0.2,0.5630217199703327,2.1948961236346802
491,0.45,-0.18,0.5617007719940027,2.1839205387851046
492,0.45,-0.15,0.5603315015976911,2.1728035110062542
493,0.45,-0.13,0.5588685722514805,2.161549066593756
494,0.45,-0.1,0.5573410897442648,2.1501614901865813
495,0.45,-0.08,0.5557627850873007,2.138644558836165
496,0.42,-0.28,0.5655542649132068,2.214997817890221
497,0.42,-0.25,0.5643298747406879,2.2043820356854993
498,0.42,-0.23,0.5630581891571117,2.193612565303086
499,0.42,-0.2,0.5617386425192165,2.1826942645845917
500,0.42,-0.18,0.5603707900040465,2.1716317521978667
501,0.42,-0.15,0.5589109810715127,2.160429420522502
502,0.42,-0.13,0.5573850010839199,2.1490914474280274
503,0.42,-0.1,0.5558082045758821,2.137621807091125
504,0.4,-0.3,0.5655898911994917,2.213508016284546
505,0.4,-0.28,0.5643669372506904,2.2029590005722994
506,0.4,-0.25,0.5630967118590046,2.1922531507728213
507,0.4,-0.23,0.5617786463581983,2.1813954806176103
508,0.4,-0.2,0.5604122925573135,2.1703907564135543
509,0.4,-0.18,0.55895578080731,2.159243510417492
510,0.4,-0.15,0.557431389182827,2.1479580530610587
511,0.4,-0.13,0.5558561871048059,2.136538484179144
512,0.37,-0.3,0.5644060795124239,2.2014519482725867
513,0.37,-0.28,0.5631373971725431,2.1908134233495167
514,0.37,-0.25,0.5618208969530692,2.1800199215306817
515,0.37,-0.23,0.5604561271124677,2.1690763640319566
516,0.37,-0.2,0.5590030988329776,2.157987429966952
517,0.37,-0.18,0.5574803861235218,2.1467575690319016
518,0.37,-0.15,0.5559068695027364,2.135391013156431
519,0.35,-0.33,0.564447411168946,2.199876769603553
520,0.35,-0.3,0.563180359218657,2.18929552972282
521,0.35,-0.28,0.5618655129833484,2.1785630744761413
522,0.35,-0.25,0.5605024169794813,2.167684255646766
523,0.35,-0.23,0.5590530684317617,2.156657045149022
524,0.35,-0.2,0.557532130132504,2.1454860389308847
525,0.35,-0.18,0.5559603949806291,2.134175607731025
526,0.32,-0.35,0.5644910468113781,2.198223838942434
527,0.32,-0.33,0.5632257172817008,2.187716310376276
528,0.32,-0.3,0.5619126185125694,2.1770505365305413
529,0.32,-0.28,0.5605512910778557,2.1662316481630226
530,0.32,-0.25,0.5591058289652785,2.155264524934434
531,0.32,-0.23,0.5575867657583481,2.144153808266554
532,0.32,-0.2,0.5560169133190571,2.132903913193357
533,0.3,-0.38,0.5645371061026166,2.1964733733547295
534,0.3,-0.35,0.5632735959403219,2.1860438341072728
535,0.3,-0.33,0.5619623431266509,2.175452422710188
536,0.3,-0.3,0.5606028840828433,2.164704443913507
537,0.3,-0.28,0.5591615260340084,2.1538049427508255
538,0.3,-0.25,0.5576444440410624,2.142758717866079
539,0.3,-0.23,0.5560765810467974,2.131570333790989
540,0.3,-0.2,0.5544580686890184,2.1202441323124734
541,0.27,-0.4,0.5645857138910955,2.1946324113890463
542,0.27,-0.38,0.5633241251882094,2.1842726371855363
543,0.27,-0.35,0.562014822061993,2.173759908345247
544,0.27,-0.33,0.5606573365612696,2.163086968412697
545,0.27,-0.3,0.5592203116268383,2.1522590357728846
546,0.27,-0.28,0.5577053226704096,2.1412810739754815
547,0.27,-0.25,0.5561395616083298,2.1301578044536846
548,0.27,-0.23,0.5545231536960772,2.118893718295263
549,0.25,-0.43,0.5646370003124657,2.1927124842537005
550,0.25,-0.4,0.563377440542512,2.182432097083127
551,0.25,-0.38,0.5620701963210318,2.171985712912644
552,0.25,-0.35,0.5607147950946135,2.1613788779326524
553,0.25,-0.33,0.5592823442571436,2.150621729103091
554,0.25,-0.3,0.5577695661306254,2.1397160172998473
555,0.25,-0.28,0.556206025517624,2.1286616726604626
556,0.25,-0.25,0.5545918409485182,2.1174633430089043
557,0.22,-0.45,0.5646911008768285,2.1906793565366107
558,0.22,-0.43,0.5634336831375055,2.180489276390622
559,0.22,-0.4,0.5621286127727382,2.1701290381962455
560,0.22,-0.38,0.5607754123867751,2.159604382867918
561,0.22,-0.35,0.5593477890826494,2.1489207727891726
562,0.22,-0.33,0.5578373458286998,2.1380834057729867
563,0.22,-0.3,0.556276150495304,2.1270972279410936
564,0.22,-0.28,0.5546643145287146,2.115966945674428
565,0.2,-0.48,0.5647481565389615,2.1885498954874105
566,0.2,-0.45,0.563492999800842,2.178431863158502
567,0.2,-0.43,0.5621902242353345,2.1681627563965797
568,0.2,-0.4,0.5608393473537024,2.1577250494908715
569,0.2,-0.38,0.5594168180060456,2.147124399096942
570,0.2,-0.35,0.5579088402031075,2.136366188279338
571,0.2,-0.33,0.5563501215860105,2.1254555398510186
572,0.2,-0.3,0.5547407661410679,2.1143973287369473
573,0.17,-0.5,0.5648083137486957,2.186319942414104
574,0.17,-0.48,0.563555543109454,2.176300043459638
575,0.17,-0.45,0.5622551895381811,2.1661048997779977
576,0.17,-0.43,0.5609067651917456,2.1557405275250354
577,0.17,-0.4,0.5594896097530131,2.145221864307947
578,0.17,-0.38,0.5579842348095476,2.1345474184733
579,0.17,-0.35,0.5564281312524038,2.1237167069479157
580,0.17,-0.33,0.5548213952148578,2.1127347813762607
581,0.15,-0.53,0.5648717244783631,2.1839595506049463
582,0.15,-0.5,0.56362147142193,2.1740432672126637
583,0.15,-0.48,0.5623236735595616,2.1639478738926474
584,0.15,-0.45,0.5609778374213596,2.153678703309551
585,0.15,-0.43,0.5595663499240107,2.1432416903568567
586,0.15,-0.4,0.5580637223799555,2.1326424860452335
587,0.15,-0.38,0.5565103794419882,2.1218864709915204
588,0.15,-0.35,0.5549064089794953,2.1109787679347103
589,0.12,-0.55,0.5649385462239869,2.1815136857558373
590,0.12,-0.53,0.5636909488839079,2.1716784613914655
591,0.12,-0.5,0.5623958472367911,2.1616636203655633
592,0.12,-0.48,0.5610527419024705,2.151495152180671
593,0.12,-0.45,0.5596472310158899,2.141154264450978
594,0.12,-0.43,0.5581475028507075,2.1306468155761538
595,0.12,-0.4,0.556597073622563,2.119978384414733
596,0.12,-0.38,0.5549960225078758,2.1091542832430292
597,0.1,-0.58,0.5650089419766052,2.1789238516217555
598,0.1,-0.55,0.5637641454027587,2.1692029677945968
599,0.1,-0.53,0.5624718875447889,2.1592959089412127
600,0.1,-0.5,0.5611316628175004,2.149209219573433
601,0.1,-0.48,0.5597324524090403,2.1389491349476164
602,0.1,-0.45,0.5582357833556104,2.128533188678993
603,0.1,-0.43,0.5566884287817434,2.117957434213852
604,0.1,-0.4,0.5550904587231719,2.1072218078809732
605,0.07,-0.6,0.565083080159878,2.176229783814188
606,0.07,-0.58,0.5638412365875589,2.1665951001068597
607,0.07,-0.55,0.562551977438974,2.156790072978891
608,0.07,-0.53,0.561214790617797,2.1468136109624107
609,0.07,-0.5,0.5598222203154699,2.1366587775874972
610,0.07,-0.48,0.5583287781789423,2.126331735028519
611,0.07,-0.45,0.5567846673856965,2.1158383552326785
612,0.07,-0.43,0.5551899483640453,2.1051842330454664
613,0.05,-0.63,0.5651611345298566,2.173389294464577
614,0.05,-0.6,0.563922403650087,2.1638796702184213
615,0.05,-0.58,0.5626363057580746,2.1541769614255926
616,0.05,-0.55,0.5613023219288725,2.144288046696302
617,0.05,-0.53,0.5599167476829175,2.1342332010556433
618,0.05,-0.5,0.5584267086634495,2.1240124676330927
619,0.05,-0.48,0.5568860192918399,2.11362060701743
620,0.05,-0.45,0.555294729902886,2.1030634264551407
621,0.02,-0.65,0.5652432840325627,2.170434099900112
622,0.02,-0.63,0.5640078332623211,2.161017310992706
623,0.02,-0.6,0.5627250670821357,2.1514280218683903
624,0.02,-0.58,0.5613944594095993,2.14165973541692
625,0.02,-0.55,0.560015607859568,2.131706395616088
626,0.02,-0.53,0.5585298030679167,2.121574491472251
627,0.02,-0.5,0.5569927216099243,2.111271764619443
628,0.02,-0.48,0.5554050494113282,2.1008171532770237
629,-0.0,-0.68,0.5653297126147848,2.1673187381538312
630,-0.0,-0.65,0.5640977173656643,2.1580386952230737
631,-0.0,-0.63,0.5628184615408098,2.1485578638530938
632,-0.0,-0.6,0.5614914115602357,2.1388834805695245
633,-0.0,-0.58,0.5601161567189618,2.1290450053280954
634,-0.0,-0.55,0.5586382963685868,2.11902949932117
635,-0.0,-0.53,0.5571050185056254,2.1088364066969643
636,-0.0,-0.5,0.5555211603669742,2.0984718543264966
637,-0.03,-0.7,0.5654206089833002,2.1640888760339845
638,-0.03,-0.68,0.5641922529269181,2.154908945272659
639,-0.03,-0.65,0.5629166945667146,2.145542236660072
640,-0.03,-0.63,0.5615933924738982,2.135999830652996
641,-0.03,-0.6,0.5602219272291104,2.1262649095828445
642,-0.03,-0.58,0.5587524299984381,2.1163443130646202
643,-0.03,-0.55,0.5572231609404075,2.1062587815024636
644,-0.03,-0.53,0.5556433233949005,2.0960065815995965
645,-0.05,-0.73,0.5655161663075645,2.16069203820531
646,-0.05,-0.7,0.5642916416358368,2.1516416860368466
647,-0.05,-0.68,0.5630199765885154,2.1424018942624183
648,-0.05,-0.65,0.5617006215258996,2.132960383011285
649,-0.05,-0.63,0.5603331479068855,2.123344741837628
650,-0.05,-0.6,0.5588724515180657,2.113551560833616
651,-0.05,-0.58,0.5573474063412238,2.1035735689725015
652,-0.05,-0.55,0.5557718059372748,2.0934172366022636
653,-0.08,-0.73,0.5643960895389474,2.1482300557954
654,-0.08,-0.7,0.5631285226581756,2.1390960286167364
655,-0.08,-0.68,0.561813322995199,2.129796591564535
656,-0.08,-0.65,0.5604500524672497,2.120298622628397
657,-0.08,-0.63,0.5589986142117244,2.1106070599655538
658,-0.08,-0.6,0.5574780181933405,2.100744803975473
659,-0.08,-0.58,0.5559068818441392,2.090711515748268
660,-0.1,-0.75,0.5645058066042371,2.1446495811766804
661,-0.1,-0.73,0.5632425520067534,2.135668471990048
662,-0.1,-0.7,0.5619317256120802,2.126479883445535
663,-0.1,-0.68,0.5605728793637027,2.1170945116486406
664,-0.1,-0.65,0.5591311766019132,2.107542386046206
665,-0.1,-0.63,0.557615265549432,2.0977974081531965
666,-0.1,-0.6,0.5560488308782565,2.0878664165069147
667,-0.1,-0.58,0.5544320210424333,2.0777593672294916
668,-0.13,-0.78,0.5646210062112761,2.1409365807954104
669,-0.13,-0.75,0.5633622875230709,2.1320728544126966
670,-0.13,-0.73,0.5620560620261493,2.1230087923666114
671,-0.13,-0.7,0.5607018712465167,2.113768045569019
672,-0.13,-0.68,0.5592704018758439,2.1043249255490437
673,-0.13,-0.65,0.5577594224480036,2.0946929853449174
674,-0.13,-0.63,0.5561979381267926,2.084896713006659
675,-0.13,-0.6,0.5545860822563856,2.0749150137984054
676,-0.15,-0.8,0.564741904561417,2.1370525484793323
677,-0.15,-0.78,0.5634879551496281,2.1283128347996487
678,-0.15,-0.75,0.562186568188765,2.1193990629289625
679,-0.15,-0.73,0.5608372743325899,2.1102726461004835
680,-0.15,-0.7,0.5594165572170998,2.1009618548925846
681,-0.15,-0.68,0.5579107672341761,2.091469512186715
682,-0.15,-0.65,0.5563544933125841,2.0817826359790996
683,-0.15,-0.63,0.5547478529856484,2.071908139033699
684,-0.18,-0.83,0.5648687200028366,2.1329931591282887
685,-0.18,-0.8,0.5636197831902838,2.1244101859607016
686,-0.18,-0.78,0.5623234826441361,2.1156166658988247
687,-0.18,-0.75,0.5609793376808995,2.1066295741761616
688,-0.18,-0.73,0.5595699130359527,2.0974561199099
689,-0.18,-0.7,0.5580695817759836,2.088078289507926
690,-0.18,-0.68,0.5565187899978433,2.0785231429849365
691,-0.18,-0.65,0.5549176387018141,2.068789646844151
692,-0.2,-0.85,0.5650016722654533,2.128773537871817
693,-0.2,-0.83,0.5637580015244559,2.120330507137461
694,-0.2,-0.8,0.5624670457235824,2.111670618350171
695,-0.2,-0.78,0.5611283123677455,2.102832375869286
696,-0.2,-0.75,0.5597307420919998,2.0937791476773966
697,-0.2,-0.73,0.5582361505695532,2.0845474193170546
698,-0.2,-0.7,0.5566911246733335,2.0751252181397892
699,-0.2,-0.68,0.555095748127862,2.0655063813519448
700,-0.23,-0.88,0.5651409816011274,2.124385028594968
701,-0.23,-0.85,0.5639028407229854,2.116072506242398
702,-0.23,-0.83,0.5626174986378151,2.1075715096527805
703,-0.23,-0.8,0.5612844505563596,2.0988598242273038
704,-0.23,-0.78,0.5598993185031786,2.0899545341688865
705,-0.23,-0.75,0.558410759726888,2.080859312328169
706,-0.23,-0.73,0.556871795726425,2.0715572711901875
707,-0.23,-0.7,0.55528249218818,2.0620831561648774
708,-0.25,-0.9,0.5652868678250718,2.119812846109802
709,-0.25,-0.88,0.5640545310613203,2.1116440483972276
710,-0.25,-0.85,0.5627750824626001,2.1032922822556315
711,-0.25,-0.83,0.5614480044559468,2.0947174167276597
712,-0.25,-0.8,0.5600729026408702,2.0859662601314914
713,-0.25,-0.78,0.5585936958405268,2.07699731637817
714,-0.25,-0.75,0.5570611022819483,2.0678492307029184
715,-0.25,-0.73,0.5554781828273472,2.058507600197803
716,-0.28,-0.93,0.5654395492550668,2.1150551535389437
717,-0.28,-0.9,0.5642133014263583,2.107045743770586
718,-0.28,-0.88,0.5629400370138896,2.098831386290411
719,-0.28,-0.85,0.561619225165944,2.0904177035485714
720,-0.28,-0.83,0.5602504567705954,2.081799580087957
721,-0.28,-0.8,0.5587852447200413,2.0729810317256394
722,-0.28,-0.78,0.5572593429104715,2.0639750729994986
723,-0.28,-0.75,0.5556831316919579,2.0547594087440433
724,-0.3,-0.95,0.5655992415459047,2.1101099078428383
725,-0.3,-0.93,0.5643793781141131,2.1022599848816905
726,-0.3,-0.9,0.5631125996092968,2.094187067918577
727,-0.3,-0.88,0.5617983614021062,2.0859343969446407
728,-0.3,-0.85,0.5604362391013097,2.07745303160012
729,-0.3,-0.83,0.5589856899962427,2.068797469127056
730,-0.3,-0.8,0.5574668141995195,2.059924013901475
731,-0.3,-0.78,0.5558976486706335,2.0508642548528737
732,-0.33,-0.95,0.5645529835164579,2.0972846612103258
733,-0.33,-0.93,0.5632930037139287,2.0893692806312565
734,-0.33,-0.9,0.56198565810214,2.081265680699609
735,-0.33,-0.88,0.5606305064383411,2.072944772444559
736,-0.33,-0.85,0.5591953115901223,2.0644320671862846
737,-0.33,-0.83,0.5576838091844177,2.0557053154796767
738,-0.33,-0.8,0.5561220402885466,2.0467997705639953
739,-0.33,-0.78,0.5545101592804834,2.0376811871564735
740,-0.35,-0.98,0.564734334696374,2.0921174510756293
741,-0.35,-0.95,0.5634814774697783,2.0843644092611817
742,-0.35,-0.93,0.5621813549098443,2.0764095291178246
743,-0.35,-0.9,0.5608335103478946,2.0682522039890165
744,-0.35,-0.88,0.5594143840448677,2.05988309897376
745,-0.35,-0.85,0.5579106156367842,2.0513216216618586
746,-0.35,-0.83,0.5563566079541155,2.0425549961411487
747,-0.35,-0.8,0.5547524916501404,2.033588358856144
748,-0.38,-1.0,0.5649236418526637,2.0867558194656475
749,-0.38,-0.98,0.5636782421094068,2.0791654946928664
750,-0.38,-0.95,0.5623856845382673,2.071363704427082
751,-0.38,-0.93,0.5610454954704241,2.0633700740740166
752,-0.38,-0.9,0.5596431747209658,2.0551486272500723
753,-0.38,-0.88,0.5581475142103449,2.046752257873532
754,-0.38,-0.85,0.55660164605722,2.038128297553656
755,-0.38,-0.83,0.5550056762570698,2.0293286479499923
756,-0.4,-1.03,0.5651211066766586,2.0811970158284003
757,-0.4,-1.0,0.5638835102563222,2.073769926300733
758,-0.4,-0.98,0.5625988710140846,2.0661257542527656
759,-0.4,-0.95,0.5612666977096167,2.0582960745000194
760,-0.4,-0.93,0.5598819418562236,2.0502398359249843
761,-0.4,-0.9,0.5583947764456367,2.041995221555209
762,-0.4,-0.88,0.556857439920163,2.0335331523931037
763,-0.4,-0.85,0.5552700126743364,2.02488486339887
764,-0.43,-1.05,0.5653269206054193,2.0754380717506518
765,-0.43,-1.03,0.564097484116408,2.068174874061491
766,-0.43,-1.0,0.5628211278074116,2.0606930091112887
767,-0.43,-0.98,0.5614973423010143,2.0530276786436383
768,-0.43,-0.95,0.5601257409237842,2.045137997989782
769,-0.43,-0.93,0.558652662637319,2.0370482930028655
770,-0.43,-0.9,0.5571242636048269,2.028753907605304
771,-0.43,-0.88,0.5555457892407134,2.0202550957965197
772,-0.45,-1.08,0.5655412629779624,2.0694757984400702
773,-0.45,-1.05,0.5643203535668865,2.062377285938265
774,-0.45,-1.03,0.5630526558534414,2.055062579857249
775,-0.45,-1.0,0.5617376417665556,2.0475621386623613
776,-0.45,-0.98,0.5603749039528559,2.039839413559291
777,-0.45,-0.95,0.5589214195702759,2.0319090321320434
778,-0.45,-0.93,0.5574023775819487,2.023782454300534
779,-0.45,-0.9,0.5558332806647954,2.015437216818243
780,-0.48,-1.08,0.5645522941516617,2.0563738850557383
781,-0.48,-1.05,0.5632936414747379,2.0492313550063384
782,-0.48,-1.03,0.5619877937637792,2.0418964826398027
783,-0.48,-1.0,0.5606343223533423,2.034341253987121
784,-0.48,-0.98,0.5592012781333501,2.026574775295226
785,-0.48,-0.95,0.5576920262711631,2.0186162768727036
786,-0.48,-0.93,0.5561327454928202,2.0104294874553617
787,-0.48,-0.9,0.5545236018078407,2.0020677592410148
788,-0.5,-1.1,0.5647934649944442,2.050161166573538
789,-0.5,-1.08,0.5635442542156021,2.043195997845572
790,-0.5,-1.05,0.5622479788411471,2.0360275115934017
791,-0.5,-1.03,0.560904188275598,2.0286404618561185
792,-0.5,-1.0,0.5594924508225135,2.0210426320968815
793,-0.5,-0.98,0.5579934354635002,2.0132526315208863
794,-0.5,-0.95,0.5564444234516993,2.0052365250250226
795,-0.5,-0.93,0.5548455492787994,1.9970356210462692
796,-0.53,-1.13,0.5650440066437271,2.0437408003440147
797,-0.53,-1.1,0.5638046446027744,2.036952943234061
798,-0.53,-1.08,0.5625183581138179,2.029951796256039
799,-0.53,-1.05,0.5611846740517861,2.022733747658721
800,-0.53,-1.03,0.5597951291484271,2.0153094821368374
801,-0.53,-1.0,0.5583068096412187,2.007688542739842
802,-0.53,-0.98,0.556768532682037,1.9998435366687546
803,-0.53,-0.95,0.555180400198314,1.991807927775231
804,-0.55,-1.15,0.5653040388665489,2.037119229818518
805,-0.55,-1.13,0.5640749418495897,2.0304983939919192
806,-0.55,-1.1,0.5627990708771985,2.0236656735347758
807,-0.55,-1.08,0.5614759297181353,2.016617586237289
808,-0.55,-1.05,0.5601051449709757,2.0093719716002
809,-0.55,-1.03,0.5586323292132901,2.0019207997238433
810,-0.55,-1.0,0.5571052668794316,1.994247458583811
811,-0.55,-0.98,0.5555283622923943,1.9863817872429015
812,-0.58,-1.18,0.565573658410827,2.030280793539906
813,-0.58,-1.15,0.5643552515237436,2.023828316771945
814,-0.58,-1.13,0.5630902321787444,2.0171652425442304
815,-0.58,-1.1,0.5617780804896529,2.010290492356909
816,-0.58,-1.08,0.5604183969328292,2.003226509601501
817,-0.58,-1.05,0.5589701476884072,1.995945952601985
818,-0.58,-1.03,0.5574547923659985,1.98844498605388
819,-0.58,-1.0,0.5558896154926191,1.9807540681557247
820,-0.6,-1.18,0.5646456532018457,2.016938437308809
821,-0.6,-1.15,0.5633919303715742,2.0104463601092455
822,-0.6,-1.13,0.562091224211241,2.0037631338436213
823,-0.6,-1.1,0.5607431084572126,1.9968692641824244
824,-0.6,-1.08,0.559320388810979,1.989760308412726
825,-0.6,-1.05,0.5578172451178269,1.9824325693146463
826,-0.6,-1.03,0.5562643088550985,1.9749213960329668
827,-0.6,-1.0,0.5546617447983362,1.9671889254307808
828,-0.63,-1.2,0.5649461981368593,2.009835856835558
829,-0.63,-1.18,0.5637042246766146,2.003530833743065
830,-0.63,-1.15,0.5624154288124282,1.9970186675842854
831,-0.63,-1.13,0.5610793569598359,1.9902961578567957
832,-0.63,-1.1,0.5596831436892397,1.9833599267169721
833,-0.63,-1.08,0.558192727777768,1.9762184893651877
834,-0.63,-1.05,0.5566525574574691,1.9688801489397132
835,-0.63,-1.03,0.5550627583334433,1.961321560610928
836,-0.65,-1.23,0.5652569069674193,2.0025276120661015
837,-0.65,-1.2,0.5640271427829023,1.9963931878494034
838,-0.65,-1.18,0.5627507297960159,1.9900526340782632
839,-0.65,-1.15,0.561427186563558,1.9835028625936861
840,-0.65,-1.13,0.5600561548196429,1.976741816641567
841,-0.65,-1.1,0.5585813066867021,1.9697916111067175
842,-0.65,-1.08,0.557054439307435,1.9626264529355157
843,-0.65,-1.05,0.5554779511833824,1.9552426271815473
844,-0.68,-1.25,0.5655777675005476,1.9949897385226054
845,-0.68,-1.23,0.5643606785184616,1.9890276402511107
846,-0.68,-1.2,0.5630971277938592,1.98286031880538
847,-0.68,-1.18,0.5617866055360639,1.9764911397547962
848,-0.68,-1.15,0.5604287222316949,1.9699241894893729
849,-0.68,-1.13,0.5589830089698579,1.9631470005281773
850,-0.68,-1.1,0.5574699923000176,1.9561561771343225
851,-0.68,-1.08,0.5559073730523152,1.9489481368269088
852,-0.7,-1.25,0.5647047896265835,1.9814485002026836
853,-0.7,-1.23,0.563454586225562,1.975464051903552
854,-0.7,-1.2,0.5621575838272967,1.969276498107799
855,-0.7,-1.18,0.5608133611249769,1.962882892585645
856,-0.7,-1.15,0.55939781971796,1.956280128235426
857,-0.7,-1.13,0.5578992112640414,1.9494649282654777
858,-0.7,-1.1,0.556351029600859,1.942449305568092
859,-0.7,-1.08,0.5547534422228154,1.935232116984811
860,-0.73,-1.28,0.5650593956843173,1.9736561091108955
861,-0.73,-1.25,0.5638230290980394,1.9678450325003918
862,-0.73,-1.23,0.5625400507456891,1.9618316107426679
863,-0.73,-1.2,0.5612100070428877,1.9556129991924396
864,-0.73,-1.18,0.5598256793057856,1.9491861981275194
865,-0.73,-1.15,0.5583420451413506,1.9425611328514367
866,-0.73,-1.13,0.5568088794828517,1.9357335272358915
867,-0.73,-1.1,0.5552263036818662,1.928692232874809
868,-0.75,-1.3,0.5654243762014711,1.965624285270903
869,-0.75,-1.28,0.5642023389855143,1.9599887880962448
870,-0.75,-1.25,0.5629338928140281,1.9541561009451398
871,-0.75,-1.23,0.5616185514099689,1.948123073350955
872,-0.75,-1.2,0.5602559501050485,1.941886892125541
873,-0.75,-1.18,0.5587983943446678,1.9354445925134023
874,-0.75,-1.15,0.55728083155624,1.9287930499765593
875,-0.75,-1.13,0.5557138667352611,1.9219289712540972
876,-0.78,-1.3,0.5645923552304826,1.9519386162422754
877,-0.78,-1.28,0.5633389518468921,1.9462804822613715
878,-0.78,-1.25,0.5620388394800209,1.9404226298835132
879,-0.78,-1.23,0.5606916170610432,1.9343623412236972
880,-0.78,-1.2,0.5592681083417791,1.9280967520370644
881,-0.78,-1.18,0.5577667423170363,1.921622844273585
882,-0.78,-1.15,0.5562159962130222,1.9149426810360366
883,-0.78,-1.13,0.5546160621451057,1.908068460167741
884,-0.8,-1.33,0.5649928724063895,1.9436438624747834
885,-0.8,-1.3,0.5637550232920261,1.9381623879981709
886,-0.8,-1.28,0.5624706685495117,1.9324817207177947
887,-0.8,-1.25,0.5611393703332958,1.9265992354304704
888,-0.8,-1.23,0.5597509835146876,1.9205178687826563
889,-0.8,-1.2,0.5582664136064948,1.9142370998120668
890,-0.8,-1.18,0.5567325007674397,1.9077500057596692
891,-0.8,-1.15,0.5551493848934138,1.901053446027712
892,-0.83,-1.35,0.5654036390821348,1.9351473781046533
893,-0.83,-1.33,0.5641818548774689,1.9298390174806366
894,-0.83,-1.3,0.5629137864798481,1.9243357937859267
895,-0.83,-1.28,0.5615989589831278,1.918635239569744
896,-0.83,-1.25,0.5602370192211757,1.9127347550022242
897,-0.83,-1.23,0.558779590641901,1.906631602087414
898,-0.83,-1.2,0.5572631307446718,1.9003228979918187
899,-0.83,-1.18,0.5556974684048803,1.8938056075225327
900,-0.85,-1.35,0.5646191456048656,1.9212763806590325
901,-0.85,-1.33,0.5633678905708102,1.9159512558993002
902,-0.85,-1.3,0.5620700796744175,1.910429199402868
903,-0.85,-1.28,0.5607253187653807,1.9047076987227756
904,-0.85,-1.25,0.5593059604206422,1.8987841069372928
905,-0.85,-1.23,0.5578075764302217,1.892658480090517
906,-0.85,-1.2,0.5562600077747228,1.8863367336089358
907,-0.85,-1.18,0.5546634524872283,1.8798083185413215
908,-0.88,-1.38,0.5650665451268954,1.91251015597144
909,-0.88,-1.35,0.5638326268251217,1.9073566739779337
910,-0.88,-1.33,0.5625523758159852,1.9020103873167646
911,-0.88,-1.3,0.5612253567614729,1.8964689312653356
912,-0.88,-1.28,0.5598451505453591,1.890729815404963
913,-0.88,-1.25,0.5583654667181648,1.8847904187192912
914,-0.88,-1.23,0.5568366347425223,1.8786479837794523
915,-0.88,-1.2,0.5552587943545233,1.8722996100317288
916,-0.9,-1.4,0.5655236535432886,1.9035037884585946
917,-0.9,-1.38,0.5643075896407056,1.8985199872271876
918,-0.9,-1.35,0.5630454371399465,1.8933533712283108
919,-0.9,-1.33,0.561736719430003,1.887991864852061
920,-0.9,-1.3,0.5603810805384807,1.8824330602728487
921,-0.9,-1.28,0.5589363682511813,1.8766744219524683
922,-0.9,-1.25,0.557426916670388,1.8707132817280758
923,-0.9,-1.23,0.5558684544392668,1.8645517855800415
924,-0.93,-1.4,0.564792321962698,1.8894846883774212
925,-0.93,-1.38,0.563548799750339,1.8844883913983015
926,-0.93,-1.35,0.5622589371651256,1.8793011409285925
927,-0.93,-1.33,0.5609223328795354,1.8739206672691124
928,-0.93,-1.3,0.5595197850743171,1.868344580935583
929,-0.93,-1.28,0.5580303560409354,1.8625703686946857
930,-0.93,-1.25,0.5564919353804383,1.8565953886755622
931,-0.93,-1.23,0.5549047074425294,1.8504168645533785
932,-0.95,-1.43,0.565286315921698,1.8802123114125968
933,-0.95,-1.4,0.564061946670806,1.8753822523906605
934,-0.95,-1.38,0.5627914849796001,1.8703649677944263
935,-0.95,-1.35,0.5614744842078166,1.8651653487356876
936,-0.95,-1.33,0.5601106203756846,1.8597710481482457
937,-0.95,-1.3,0.5586463905153264,1.8541789464289065
938,-0.95,-1.28,0.5571286725749122,1.8483864850618328
939,-0.95,-1.25,0.5555621251893563,1.8423911498444965
940,-0.98,-1.43,0.5645843089135284,1.8660649464500874
941,-0.98,-1.4,0.5633337834854827,1.8612282162317801
942,-0.98,-1.38,0.5620369459288583,1.8562021876176735
943,-0.98,-1.35,0.5606934227632661,1.8509846785567785
944,-0.98,-1.33,0.5592743935851724,1.8455733922842565
945,-0.98,-1.3,0.557778034678688,1.8399659143310696
946,-0.98,-1.28,0.5562328483289991,1.8341597086162014
947,-0.98,-1.25,0.5546390545513917,1.828152112598865
948,-1.0,-1.45,0.5651152670840038,1.8565248048959173
949,-1.0,-1.43,0.5638852004275086,1.851853338599918
950,-1.0,-1.4,0.562609074066117,1.8469961367921006
951,-1.0,-1.38,0.5612864652201055,1.8419511361338181
952,-1.0,-1.35,0.5599136758444033,1.8367161645745556
953,-1.0,-1.33,0.5584393247412619,1.8312906729344094
954,-1.0,-1.3,0.5569161742343861,1.8256683733570331
955,-1.0,-1.28,0.5553443751063173,1.819848024831407
956,-1.03,-1.45,0.5644450527776871,1.8422448602484964
957,-1.03,-1.43,0.563190171288712,1.8375671820054424
958,-1.03,-1.4,0.5618890373486499,1.8327046620592797
959,-1.03,-1.38,0.5605412986877328,1.8276522120854346
960,-1.03,-1.35,0.5591117819935663,1.8224076201682282
961,-1.03,-1.33,0.5576113336014652,1.81696856185719
962,-1.03,-1.3,0.5560622228639939,1.8113325972774295
963,-1.03,-1.28,0.5544646960911616,1.8054971673072497
964,-1.05,-1.48,0.5650126093903813,1.8324305123766413
965,-1.05,-1.45,0.5637794895206788,1.8279202582614456
966,-1.05,-1.43,0.562500375301705,1.8232255845285321
967,-1.05,-1.4,0.5611748612976227,1.8183445008339927
968,-1.05,-1.38,0.5597945843001093,1.8132749113100484
969,-1.05,-1.35,0.5583174927800384,1.8080146135409128
970,-1.05,-1.33,0.5567917546489264,1.802561296688203
971,-1.05,-1.3,0.5552175420476013,1.7969125387081604
972,-1.08,-1.5,0.5655870942073644,1.8223896583930281
973,-1.08,-1.48,0.5643762331234508,1.8180404010806934
974,-1.08,-1.45,0.5631196649260954,1.8135099634294864
975,-1.08,-1.43,0.5618169315918585,1.8087964575975801
976,-1.08,-1.4,0.5604676950944312,1.8039112204512817
977,-1.08,-1.38,0.5590337567903514,1.798835355247386
978,-1.08,-1.35,0.5575320628211383,1.7935665515903283
979,-1.08,-1.33,0.55598186709541,1.7881024565098673
980,-1.1,-1.5,0.5649795626329297,1.8079315722109
981,-1.1,-1.48,0.5637460454861418,1.8035688480509766
982,-1.1,-1.45,0.5624666287105752,1.7990392664120862
983,-1.1,-1.43,0.5611409174347364,1.794324493636588
984,-1.1,-1.4,0.5597591730174081,1.7894225032634965
985,-1.1,-1.38,0.5582821788729849,1.784331165487925
986,-1.1,-1.35,0.5567566889164672,1.7790482463154
987,-1.1,-1.33,0.5551828871889263,1.7735714058539618
988,-1.13,-1.53,0.5655885990220805,1.7975971729727074
989,-1.13,-1.5,0.5643786139397989,1.7934113075664357
990,-1.13,-1.48,0.5631230266225532,1.7890453345370958
991,-1.13,-1.45,0.5618213861768495,1.7844973741276022
992,-1.13,-1.43,0.56047336166966,1.7797654992558323
993,-1.13,-1.4,0.5590410777109186,1.7748476833752544
994,-1.13,-1.38,0.5575409652157657,1.769744480953901
995,-1.13,-1.35,0.5559925031465339,1.7644540592720823
996,-1.15,-1.53,0.5650164297296536,1.7830235904609606
997,-1.15,-1.5,0.5637851589414569,1.7788180416492265
998,-1.15,-1.48,0.5625081102024799,1.7744335559765323
999,-1.15,-1.45,0.5611848923102974,1.7698733131411828
1000,-1.15,-1.43,0.5598076825934445,1.7651412931052393
1001,-1.15,-1.4,0.5583335985941422,1.7602211131291825
1002,-1.15,-1.38,0.5568111645340312,1.7551106078056378
1003,-1.15,-1.35,0.5552405668460509,1.7498075101256259
1004,-1.18,-1.53,0.5644520242394643,1.7683602389226136
1005,-1.18,-1.5,0.5632000604151799,1.7641386420124798
1006,-1.18,-1.48,0.5619021781963431,1.7597589336885533
1007,-1.18,-1.45,0.5605580465583003,1.755196299124488
1008,-1.18,-1.43,0.5591334420689714,1.7504487697592819
1009,-1.18,-1.4,0.5576377022322224,1.7455142798294303
1010,-1.18,-1.38,0.5560937543515068,1.7403906667424038
1011,-1.18,-1.35,0.5545018655097448,1.7350756706390835
1012,-1.2,-1.55,0.5651225918016094,1.7576741789673243
1013,-1.2,-1.53,0.5638961755649714,1.7536223504364372
1014,-1.2,-1.5,0.5626241285438255,1.749405708689512
1015,-1.2,-1.48,0.5613060563401532,1.7450091607259315
1016,-1.2,-1.45,0.5599393051927354,1.7404308261158814
1017,-1.2,-1.43,0.5584709000180049,1.7356687298958469
1018,-1.2,-1.4,0.5569542840429476,1.7307267302070422
1019,-1.2,-1.38,0.5553896366812774,1.7255994025287913
1020,-1.23,-1.55,0.564595368481163,1.7428723634691294
1021,-1.23,-1.53,0.563349623699195,1.7388158606074309
1022,-1.23,-1.5,0.5620581170460454,1.7345823345709472
1023,-1.23,-1.48,0.5607205103307252,1.730169986394494
1024,-1.23,-1.45,0.5593095012332943,1.7255911138783404
1025,-1.23,-1.43,0.5578208718338648,1.7208304286266047
1026,-1.23,-1.4,0.5562841647216897,1.715881624370447
1027,-1.23,-1.38,0.5546996346501237,1.710742499728229
1028,-1.25,-1.58,0.5652965326396571,1.7318900491903977
1029,-1.25,-1.55,0.5640775218273987,1.7279909659094965
1030,-1.25,-1.53,0.5628130523838495,1.723917616776104
1031,-1.25,-1.5,0.5615027200229543,1.719676736752263
1032,-1.25,-1.48,0.5601462427755476,1.715270785404299
1033,-1.25,-1.45,0.5586921966076881,1.7106818971576405
1034,-1.25,-1.43,0.5571840994070074,1.7059080513302536
1035,-1.25,-1.4,0.5556280875758004,1.7009471366456694
1036,-1.28,-1.58,0.5648066658886135,1.7169319451869096
1037,-1.28,-1.55,0.5635696679639662,1.7130161337910572
1038,-1.28,-1.53,0.5622870865737581,1.708943607552063
1039,-1.28,-1.5,0.5609585695342595,1.7047033638070321
1040,-1.28,-1.48,0.5595669078831587,1.7002831188343108
1041,-1.28,-1.45,0.5580880572335933,1.6956809307565903
1042,-1.28,-1.43,0.5565612491259639,1.6908947694063294
1043,-1.28,-1.4,0.5549867167607525,1.6859283235475973
1044,-1.3,-1.6,0.565535890816305,1.7056390497749596
1045,-1.3,-1.58,0.5643267586528115,1.7018783297415967
1046,-1.3,-1.55,0.563072365434065,1.6979671942047028
1047,-1.3,-1.53,0.5617722905991891,1.6938898640542026
1048,-1.3,-1.5,0.5604262339023128,1.6896353418358363
1049,-1.3,-1.48,0.55899462954702,1.685201757817874
1050,-1.3,-1.45,0.5574976757646002,1.6805975873361603
1051,-1.3,-1.43,0.555952910729168,1.6758141945821656
1052,-1.33,-1.6,0.5650831160712646,1.6905039500347254
1053,-1.33,-1.58,0.5638573060485971,1.6867475726219812
1054,-1.33,-1.55,0.5625861139054124,1.68283056810931
1055,-1.33,-1.53,0.5612691670155157,1.6787390657466381
1056,-1.33,-1.5,0.5599023909990042,1.674472512550388
1057,-1.33,-1.48,0.558435903298864,1.6700467641504348
1058,-1.33,-1.45,0.556921571005921,1.665437702383019
1059,-1.33,-1.43,0.5553595969748895,1.6606432463166991
1060,-1.35,-1.6,0.5646406596354406,1.6752840811646614
1061,-1.35,-1.58,0.5633987463589398,1.6715250064956237
1062,-1.35,-1.55,0.5621113535177404,1.6675940237843436
1063,-1.35,-1.53,0.5607781561173801,1.6634944040085968
1064,-1.35,-1.5,0.5593744557143664,1.6592371476154124
1065,-1.35,-1.48,0.5578911807004421,1.654799431999366
1066,-1.35,-1.45,0.5563601880859474,1.6501792445689145
1067,-1.35,-1.43,0.5547817440833541,1.6453744912727637
1068,-1.38,-1.63,0.5654211869508462,1.663575297353044
1069,-1.38,-1.6,0.5642089018565659,1.659971935601115
1070,-1.38,-1.58,0.5629514608293695,1.6561991607212887
1071,-1.38,-1.55,0.5616484648437107,1.6522596534177394
1072,-1.38,-1.53,0.560299636083875,1.6481682490623388
1073,-1.38,-1.5,0.5588602161775471,1.6438991247604597
1074,-1.38,-1.48,0.5573608431431235,1.639450329650863
1075,-1.38,-1.45,0.555813899332666,1.6348198320734841
1076,-1.4,-1.63,0.5650153092257317,1.6481693104574742
1077,-1.4,-1.6,0.5637881687374826,1.6445526062132632
1078,-1.4,-1.58,0.5625157740243518,1.6407672719079387
1079,-1.4,-1.55,0.5611977694248808,1.6368387289516428
1080,-1.4,-1.53,0.5598271563403023,1.6327356540149174
1081,-1.4,-1.5,0.5583599940593865,1.6284556009868263
1082,-1.4,-1.48,0.5568452031023374,1.6239965940746912
1083,-1.4,-1.45,0.5552830057948474,1.6193727880082533
1084,-1.43,-1.63,0.5646201774681038,1.6326516432336915
1085,-1.43,-1.6,0.5633787326368679,1.6290227885934927
1086,-1.43,-1.58,0.5620919547022304,1.6252463670846553
1087,-1.43,-1.55,0.5607595308368588,1.621306995863597
1088,-1.43,-1.53,0.5593560807689216,1.617193243024917
1089,-1.43,-1.5,0.5578740461043853,1.6129049046565274
1090,-1.43,-1.48,0.5563445059670126,1.6084554094398418
1091,-1.43,-1.45,0.5547677393410673,1.603822524459709
1092,-1.45,-1.65,0.5654462155102485,1.6204926712913839
1093,-1.45,-1.63,0.5642360156825589,1.6170183962241118
1094,-1.45,-1.6,0.5629808134323073,1.6133880274955565
1095,-1.45,-1.58,0.5616802171608074,1.6096101945072367
1096,-1.45,-1.55,0.5603339562318771,1.6056604910451455
1097,-1.45,-1.53,0.5588988326410951,1.6015370385642052
1098,-1.45,-1.5,0.557402566214577,1.5972581900771254
1099,-1.45,-1.48,0.5558589323767821,1.5927997100034057
1100,-1.48,-1.65,0.5650863320345297,1.6047497108501727
1101,-1.48,-1.63,0.5638629987786992,1.6012650055729314
1102,-1.48,-1.6,0.5625945800968795,1.597641321808479
1103,-1.48,-1.58,0.5612807230012342,1.5938535911078602
1104,-1.48,-1.55,0.5599179901935947,1.5898945908122817
1105,-1.48,-1.53,0.5584555585493285,1.585777927742719
1106,-1.48,-1.5,0.5569456879738415,1.5814913893106088
1107,-1.48,-1.48,0.5553886009966498,1.5770247421698529
1108,-1.5,-1.65,0.5647372033845875,1.5888800855488152
1109,-1.5,-1.63,0.563501254331666,1.5853954306417992
1110,-1.5,-1.6,0.5622201526372652,1.581767753692709
1111,-1.5,-1.58,0.5608935832550472,1.5779712180639576
1112,-1.5,-1.55,0.5595018838813828,1.574010345916616
1113,-1.5,-1.53,0.5580263491638878,1.5698934833726468
1114,-1.5,-1.5,0.5565034875445087,1.565599099310839
1115,-1.5,-1.48,0.5549335716575051,1.5611250878225338
1116,-1.53,-1.65,0.5643989196046573,1.572877703796837
1117,-1.53,-1.63,0.5631508646503275,1.5693971005473826
1118,-1.53,-1.6,0.5618576043397651,1.5657611919604724
1119,-1.53,-1.58,0.5605188608178681,1.5619569339588713
1120,-1.53,-1.55,0.5590992935753855,1.5580007671850373
1121,-1.53,-1.53,0.5576112422072302,1.5538764837673356
1122,-1.53,-1.5,0.5560759868680208,1.5495751185406355
1123,-1.53,-1.48,0.5544938487913701,1.5450945310767918
1124,-1.55,-1.68,0.5652863079535613,1.560082666097482
1125,-1.55,-1.65,0.5640715291119651,1.5567355823482345
1126,-1.55,-1.63,0.5628118691017385,1.5532576174706092
1127,-1.55,-1.6,0.5615069642703263,1.5496146168430194
1128,-1.55,-1.58,0.5601565731333358,1.5458068107629916
1129,-1.55,-1.55,0.558710222527901,1.5418506345683698
1130,-1.55,-1.53,0.5572102256753427,1.5377198560190601
1131,-1.55,-1.5,0.5556631571029002,1.5334123608694676
1132,-1.58,-1.68,0.5649808737542703,1.5437988352406444
1133,-1.58,-1.65,0.5637550410627425,1.540452364471807
1134,-1.58,-1.63,0.5624842666410396,1.5369689859400009
1135,-1.58,-1.6,0.5611682199755672,1.533320022054042
1136,-1.58,-1.58,0.5597988356390807,1.5295139974288234
1137,-1.58,-1.55,0.5583346286152178,1.5255519053180766
1138,-1.58,-1.53,0.5568232412439476,1.5214155444688553
1139,-1.58,-1.5,0.5552649222359722,1.517102757180352
1140,-1.6,-1.68,0.5646858466461704,1.5273569636208797
1141,-1.6,-1.65,0.5634494278794301,1.5240107024632812
1142,-1.6,-1.63,0.562168018497572,1.5205221138155993
1143,-1.6,-1.6,0.5608413203337359,1.5168683029732095
1144,-1.6,-1.58,0.5594475913294592,1.5130624793783995
1145,-1.6,-1.55,0.5579724276816643,1.5090954431384311
1146,-1.6,-1.53,0.5564501878008632,1.5049543989459082
1147,-1.6,-1.5,0.5548811628065891,1.5006371430993546
1148,-1.63,-1.68,0.5644011759356458,1.5107467602728566
1149,-1.63,-1.65,0.5631546278938424,1.5073993177266536
1150,-1.63,-1.63,0.5618630509704401,1.503906685612428
1151,-1.63,-1.6,0.5605261785073199,1.5002491291483913
1152,-1.63,-1.58,0.5591091033806292,1.4964419154716768
1153,-1.63,-1.55,0.5576234969678802,1.492470891437571
1154,-1.63,-1.53,0.5560909250499412,1.4883260473868007
1155,-1.63,-1.5,0.5545117196882241,1.484005204113238
1156,-1.65,-1.7,0.5653383127180205,1.4971619623977686
1157,-1.65,-1.68,0.5641267802994631,1.4939565623661548
1158,-1.65,-1.65,0.5628705480639326,1.4906065458438258
1159,-1.65,-1.63,0.5615692582898798,1.48711101820463
1160,-1.65,-1.6,0.5602226749525279,1.483450799071654
1161,-1.65,-1.58,0.5587832306645248,1.479640602587225
1162,-1.65,-1.55,0.5572876785744274,1.4756665289997948
1163,-1.65,-1.53,0.5557452771368383,1.4715187507990848
1164,-1.68,-1.7,0.5650832864808473,1.4801799210606479
1165,-1.68,-1.68,0.5638625504031799,1.4769731704032216
1166,-1.68,-1.65,0.562597066725129,1.4736191953559936
1167,-1.68,-1.63,0.5612865055044841,1.4701218966048686
1168,-1.68,-1.6,0.5599278439558902,1.4664600749081522
1169,-1.68,-1.58,0.5584698007273805,1.462645312295174
1170,-1.68,-1.55,0.5569647829166837,1.4586691057804548
1171,-1.68,-1.53,0.5554130362520627,1.4545192382596035
1172,-1.7,-1.7,0.5648378798928372,1.4629885392384159
1173,-1.7,-1.68,0.5636083515273227,1.459781660756678
1174,-1.7,-1.65,0.5623340363409949,1.4564223622752503
1175,-1.7,-1.63,0.5610146313583252,1.452924387203017
1176,-1.7,-1.6,0.5596357479197815,1.4492619945445127
1177,-1.7,-1.58,0.5581686130622455,1.4454411051577534
1178,-1.7,-1.55,0.556654592132095,1.4414636562155878
1179,-1.7,-1.53,0.5550939661722272,1.4373125193273748
1180,-1.73,-1.7,0.5646019478143257,1.4455709965964714
1181,-1.73,-1.68,0.5633640261705797,1.4423651725594338
1182,-1.73,-1.65,0.5620812862219013,1.4390016891664112
1183,-1.73,-1.63,0.5607534511262746,1.435501625496001
1184,-1.73,-1.6,0.5593552274179154,1.431839657969045
1185,-1.73,-1.58,0.5578794423133641,1.4280111197147805
1186,-1.73,-1.55,0.5563568634061554,1.4240332870879089
1187,-1.73,-1.53,0.5547878057059337,1.4198816708989033
1188,-1.75,-1.73,0.5655767822971759,1.430987949203571
1189,-1.75,-1.7,0.5643753251919822,1.427909386050044
1190,-1.75,-1.68,0.56312939660309,1.42470466555923
1191,-1.75,-1.65,0.5618386251845329,1.421343450998281
1192,-1.75,-1.63,0.5605027593800964,1.4178345749416885
1193,-1.75,-1.6,0.5590860519631167,1.414173984594401
1194,-1.75,-1.58,0.5576020413838206,1.4103465972828175
1195,-1.75,-1.55,0.5560713321886411,1.4063589365935034
1196,-1.75,-1.53,0.5544942720161544,1.4022075951346957
1197,-1.78,-1.73,0.5653668789507066,1.4130672379644824
1198,-1.78,-1.7,0.5641578294426252,1.4099928705167815
1199,-1.78,-1.68,0.5629042673468357,1.4067786450934583
1200,-1.78,-1.65,0.5616058441290718,1.4034207146848798
1201,-1.78,-1.63,0.5602623326621821,1.3999028662917732
1202,-1.78,-1.6,0.5588279722888682,1.3962434376779667
1203,-1.78,-1.58,0.5573361444226963,1.3924181776384477
1204,-1.78,-1.55,0.5557977152767319,1.3884234339739292
1205,-1.8,-1.73,0.5651655505739667,1.394856787130781
1206,-1.8,-1.7,0.5639492627537037,1.3917876566706844
1207,-1.8,-1.68,0.5626884275638906,1.3885654062287238
1208,-1.8,-1.65,0.5613827185149401,1.3852091432596603
1209,-1.8,-1.63,0.5600319320479241,1.3816954174986862
1210,-1.8,-1.6,0.5585807231102066,1.3780237114786993
1211,-1.8,-1.58,0.557081469672644,1.374201355537123
1212,-1.8,-1.55,0.5555357137464343,1.3702092388261418
1213,-1.83,-1.73,0.5649725987788654,1.3763422061759556
1214,-1.83,-1.7,0.5637494142847429,1.3732662460893659
1215,-1.83,-1.68,0.5624816533369971,1.3700501438247554
1216,-1.83,-1.65,0.5611690107196793,1.3666812615887654
1217,-1.83,-1.63,0.5598036523056971,1.363172459936423
1218,-1.83,-1.6,0.5583440257413553,1.3595008751862052
1219,-1.83,-1.58,0.5568377221631408,1.35566862549587
1220,-1.83,-1.55,0.5552850157182039,1.3516797860723675
1221,-1.85,-1.73,0.564787814263838,1.3574860607986685
1222,-1.85,-1.7,0.5635580622573991,1.3544053125382174
1223,-1.85,-1.68,0.562283709830314,1.3511884070724571
1224,-1.85,-1.65,0.5609644722691819,1.3478234227645194
1225,-1.85,-1.63,0.5595839811239477,1.344302868474779
1226,-1.85,-1.6,0.5581175905588023,1.3406366303188832
1227,-1.85,-1.58,0.5566045962387101,1.336804576618346
1228,-1.85,-1.55,0.5550452989467776,1.3328039433511556
1229,-1.88,-1.73,0.56461097871957,1.338249562632984
1230,-1.88,-1.7,0.5633749759248783,1.3351761785312495
1231,-1.88,-1.68,0.5620943533213835,1.3319526823047707
1232,-1.88,-1.65,0.5607688459306897,1.32858736344697
1233,-1.88,-1.63,0.5593739311139607,1.3250709865071117
1234,-1.88,-1.6,0.5579011193020043,1.3213930161847127
1235,-1.88,-1.58,0.5563817779150553,1.3175645706554044
1236,-1.88,-1.55,0.5548162332289275,1.313568917200417
1237,-1.9,-1.73,0.5644418666150699,1.3186141130594002
1238,-1.9,-1.7,0.5631999174142106,1.3155299170339205
1239,-1.9,-1.68,0.5619133330982599,1.312311506441879
1240,-1.9,-1.65,0.5605818676629508,1.3089425610592218
1241,-1.9,-1.63,0.559173212417618,1.3054213831951722
1242,-1.9,-1.6,0.5576943072072059,1.3017505214646747
1243,-1.9,-1.58,0.5561689470592213,1.2979147043547412
1244,-1.9,-1.55,0.5545974826260747,1.293913539826038
1245,-1.93,-1.75,0.565483551715146,1.3014647810256001
1246,-1.93,-1.73,0.5642802468597246,1.2985177074723016
1247,-1.93,-1.7,0.563032643437484,1.2954387966500753
1248,-1.93,-1.68,0.5617403932182851,1.292214938576772
1249,-1.93,-1.65,0.5604032684205539,1.288844304990071
1250,-1.93,-1.63,0.5589815302987052,1.2853265899098556
1251,-1.93,-1.6,0.5574968449725826,1.2816480554903857
1252,-1.93,-1.58,0.5559657793928225,1.2778132766134993
1253,-1.95,-1.75,0.5653345384057991,1.2808707317333246
1254,-1.95,-1.73,0.5641258843392432,1.2779247876506352
1255,-1.95,-1.7,0.5628729068702963,1.2748436079749137
1256,-1.95,-1.68,0.561575274127288,1.2716163761325405
1257,-1.95,-1.65,0.5602327758117269,1.2682492713731697
1258,-1.95,-1.63,0.5587985869059758,1.2647255215239241
1259,-1.95,-1.6,0.5573084205553893,1.2610490668233227
1260,-1.95,-1.58,0.555771948319718,1.2572142061201654
1261,-1.98,-1.75,0.5651922796961757,1.259717876336106
1262,-1.98,-1.73,0.5639785413252126,1.2567750217891651
1263,-1.98,-1.7,0.5627204581976647,1.2536893299255134
1264,-1.98,-1.68,0.5614177141399322,1.2504658105697735
1265,-1.98,-1.65,0.5600701156108745,1.2470942273370884
1266,-1.98,-1.63,0.5586240828777422,1.2435691645704103
1267,-1.98,-1.6,0.5571287208038255,1.2398942546495921
1268,-1.98,-1.58,0.5555871265816251,1.2360556635657964
1269,-2.0,-1.75,0.5650565476987528,1.2379455114268991
1270,-2.0,-1.73,0.5638379787596922,1.235001235158555
1271,-2.0,-1.7,0.5625750468292323,1.2319135537495465
1272,-2.0,-1.68,0.5612674507835763,1.2286907528113153
1273,-2.0,-1.65,0.5599115700329613,1.225316948404099
1274,-2.0,-1.63,0.5584577187917459,1.221793352658963
1275,-2.0,-1.6,0.5569574329280498,1.2181158975789084
1276,-2.0,-1.58,0.555410987746779,1.2142753951710434
